ActorID,BirthDate,Name,TotalAudiences
10091423,19550109,J.K. 시몬스,11199322
10091629,19810604,T.J. 밀러,6119145
10000337,19671005,가이 피어스,9001331
20121473,19870920,가인,2135509
20157232,20060814,갈소원,12811206
10000461,19701001,감우성,12167522
10000488,19830211,강경준,1786831
10000491,19770314,강경헌,1214237
10000502,19651126,강광원,1590666
10000522,19831214,강기화,3612982
10000533,19740926,강대규,11324433
10000546,19741208,강대희,1517096
10000558,19810118,강동원,47760030
20112932,19900809,강별,5309928
10000692,19710113,강성진,5655438
10000693,19760917,강성필,6606946
20112885,19900218,강소라,10310110
10000736,19601126,강신일,39085110
20066563,19800315,강예원,11698411
10000877,19770320,강지환,6697716
20111688,19900221,강하늘,7650388
10000955,19820104,강혜정,10180030
10000433,19850430,갤 가돗,2256913
10001200,19580321,게리 올드만,14459578
10001397,19640919,견미리,3024666
20136885,19900611,고경표,1472106
10001486,19510522,고두심,2554960
10001656,19780000,고수,9519279
10001662,19760718,고수희,31700743
10001669,19900211,고아라,1430885
10001670,19920810,고아성,25009633
10001682,19640000,고영광,1003026
10001765,19850831,고준희,5323911
10001779,19700000,고창석,31926228
10001889,19651231,공리,849251
10001901,19790710,공유,32200764
10001915,19690410,공형진,12659129
10001919,19800404,공효진,4986859
20127192,19740000,곽도원,39840152
20203230,19841205,곽민호,6675342
20187987,19870115,곽시양,2108273
20114003,19830630,구구 바샤-로,5119852
20171681,19850425,구잘 투르수노바,1212843
10002379,19461105,권병길,19227263
10002387,19760808,권상우,10487928
10002402,19540525,권성영,8666046
10002465,19711124,권오중,3019395
20175963,19820629,권율,17613682
10002548,19650116,권해효,6144922
20115762,19810000,권현상,6815206
10028603,19810603,근휘,11324433
10003107,19470319,글렌 클로즈,915672
10003194,19731011,금성무,5292493
10003221,19720927,기네스 팰트로우,17717150
10003245,19721113,기무라 다쿠야,2432351
10003307,19550000,기주봉,14313642
20113258,19640411,길해연,6080033
10003496,19570407,김갑수,1766285
10003507,19780711,김강우,13444165
20237747,19660000,김강일,20558819
10000476,19770215,김강현,4789938
10003524,19681203,김경규,1003026
10003526,19400204,김경란,1755181
20125838,19910702,김고은,3946753
10003606,19670000,김광규,14974865
10003626,19750307,김광일,7931769
20131591,19711007,김광현,3988656
10003647,19701222,김구택,7470633
20112163,19790816,김규리,2341521
10003662,19790627,김규리,608479
10003673,19600406,김규철,3569302
10003702,19810531,김기방,8223266
10003728,19570000,김기천,16811236
20142516,19450515,김기현,10076153
10003756,19851124,김꽃비,2196212
10003788,19810313,김남길,15321431
10003799,19710510,김남주,2972299
10003801,19760801,김남진,1358883
20200886,19801216,김대명,28612776
10003902,19780604,김도연,5613350
10003937,19831222,김동길,1892467
10003953,19880000,김동영,6392487
10003957,19791121,김동완,4515833
10003967,19830729,김동욱,10671501
20196348,20030114,김동준,2841828
10003982,19920211,김동준,1110523
20069196,19750000,김동현,11374859
10004028,19810319,김래원,9673640
10004034,19650000,김뢰하,15575694
10004052,19521020,김명곤,29933072
10004060,19721008,김명민,24789440
10004062,19660827,김명수,7295282
10004099,19820522,김무열,16377872
10004125,19631014,김미경,2962682
10004139,19590000,김미숙,6232875
20169005,19800810,김민규,6246849
20133481,19910424,김민상,1717566
10004185,19790816,김민선,2341521
10004201,19900126,김민영,8625507
10004210,19790320,김민재,9447353
10004212,19820730,김민정,3821461
10004220,19760724,김민준,6270513
10004236,19820301,김민희,8589472
10004252,19890707,김범,1634192
20143806,19601011,김병옥,54763680
10004305,19740000,김병철,6321784
10004308,19670000,김병춘,4812583
10004317,19760403,김보경,991674
20125801,19950928,김보라,1552055
20112878,19870515,김보미,9149488
10004373,19610710,김부선,8898422
10004396,19720601,김상경,14897626
10004432,19811219,김상일,1433696
10004437,19650000,김상중,6606946
10004448,19700724,김상호,45518554
10004452,20000731,김새론,8612517
10004466,19760000,김서형,7166290
10004467,19920810,김석,1778607
10004502,19671226,김선경,7362657
10004519,19751001,김선아,2631758
20166424,19800417,김선영,9670416
10004545,19571019,김선화,4275294
20127194,19800525,김성균,31693726
10004577,19670208,김성령,9676863
10004594,19730523,김성수,2274884
20111894,19780915,김성오,16085991
20127611,19390102,김성원,2963196
20114168,19810218,김성진,1433696
10004713,19890906,김소은,960658
20114653,19990604,김소현,6611539
10004740,19781205,김수남,3173219
10004744,19700507,김수로,6258389
10004748,19510903,김수미,27243722
20153744,20060127,김수안,18924763
20125794,19880216,김수현,19942261
10004777,19700220,김수현,5200629
20171140,19911010,김슬기,22920180
10004823,19690224,김승우,4263471
10004841,19760103,김승훈,2722996
10004844,19820820,김시권,6065474
20133875,19840111,김시운,1817063
10004860,19880102,김시후,26504021
10004885,19821016,김아중,9892735
10004890,19500212,김애경,2446249
10004911,19720624,김여진,4003358
20128311,19870111,김영광,3022794
10004995,19510421,김영애,22517793
20220846,19371205,김영옥,7860346
10005012,19751005,김영재,9101849
10005025,19940927,김영찬,1407141
10005030,19530225,김영철,6763714
10005034,19730903,김영필,7285400
10005043,19670524,김영호,2341521
10004866,19871211,김예원,7362657
20115316,19630111,김옥경,2223851
10005064,19870103,김옥빈,5150737
10005088,19460508,김용건,5537670
10005154,19821111,김용훈,1014372
10005168,19781021,김우성,1003026
10005221,19790705,김원진,4568261
20189746,19690406,김원해,60388203
20126132,19810717,김원효,1457380
10005223,19720609,김원희,7128735
10005228,19910000,김유나,675521
10005251,19990922,김유정,14532866
10005276,19680121,김윤석,65175910
10005283,19780823,김윤아,1358883
20110241,19740311,김윤아,1781202
10005297,19731107,김윤진,22757580
10005301,19720912,김윤태,2058616
20133939,19910524,김윤혜,1128288
10005374,19610212,김응수,39487847
10005383,19651217,김의성,68148545
10005410,19780120,김인권,41683696
10005415,19390413,김인문,3747184
20207886,19710220,김인우,27889702
20235526,19530524,김일우,675521
10005508,19830402,김재욱,6780462
10005532,19800901,김재화,4684603
10005552,19710716,김정난,8281066
20160378,19670406,김정석,1172641
20197077,19570425,김정수,1979311
20238766,19871125,김정우,4935320
10005602,19740304,김정은,4783779
10005617,19721213,김정태,28932679
20163848,19641130,김종수,27490373
10005749,19721003,김주혁,16680248
20252489,19870310,김주현,4313864
10005772,19751004,김준성,1517096
20133493,19760000,김준원,827647
10005801,19671001,김중기,3641008
10005816,19810421,김지석,8035181
10005820,19721024,김지수,2073641
10005840,19370724,김지영,13428270
10005839,19740907,김지영,5874818
20165517,19831122,김지우,2368267
10005877,19740722,김지호,3451025
20111572,19790000,김지훈,1462972
20063982,19750729,김진숙,1514708
10005995,19540000,김창완,3863766
10006037,19790608,김철준,5463589
20201026,19900424,김태리,4287839
10006120,19710415,김태우,8666046
10005767,19690716,김태한,8402184
10006155,19750526,김태훈,23791930
10006158,19800329,김태희,1246836
10006171,19780221,김하늘,9646392
10006219,19640000,김해곤,11811850
10006221,19551230,김해숙,34328267
10006228,20000809,김향기,15243307
10006238,19821221,김혁,2598136
20129449,20000623,김현수,6771095
10006273,19781016,김현숙,14739462
10006278,19741213,김현아,5031833
20132757,19751125,김형범,7933107
10006345,19601228,김형일,1703097
10006379,19880114,김혜성,5218055
10006380,19700905,김혜수,34165492
10006385,19580000,김혜옥,10680806
10006390,19411025,김혜자,2979213
10006424,19680310,김호정,2824855
20175721,19620105,김홍파,47331626
20235266,20020825,김환희,6879908
20125466,19840000,김효서,6178248
10006497,19840210,김효진,15522346
10006506,19690917,김훈희,1724709
10006537,19670423,김희애,3334558
10006545,19710110,김희원,18363138
20267510,19880000,김희진,7049643
10006649,19870603,나가사와 마사미,3651886
10006877,19411130,나문희,18569260
10006964,19610920,나영희,3451025
20112741,19680928,나오미 왓츠,3469311
10006980,19760906,나오미 해리스,3705548
10007153,19720914,나카무라 시도,1570703
20112223,19810609,나탈리 포트만,7822553
10007481,19580312,남경읍,8719369
10007486,19780312,남궁민,1829887
10007494,19841014,남궁은숙,4018059
10007498,19850426,남규리,1634192
10007511,19461210,남능미,2135509
10007518,19721109,남문철,10338123
20112888,19891127,남보라,13106549
10007527,19840503,남상미,4089656
10007577,19380525,남일우,20700834
10007590,19950917,남지현,2394453
10079231,19941217,냇 울프,3610564
20236729,19860529,노민우,20910156
20115461,19971118,노아 링어,1371164
20208707,20010000,노정의,3024579
10008251,19851125,노형욱,748380
10008581,19670620,니콜 키드먼,3242654
20115462,19941206,니콜라 펠츠,6667000
10008729,19640107,니콜라스 케이지,3278120
10008764,19891207,니콜라스 홀트,6782161
10036298,20031222,닐 세티,2537438
20113745,19730615,닐 패트릭 해리스,2791669
10009077,19770513,닐 홉킨스,860340
10009288,19890723,다니엘 래드클리프,21622521
10009451,19680302,다니엘 크레이그,10274134
10088518,19791128,다니엘 헤니,8419540
10009807,19650122,다이안 레인,4969735
10009818,19460105,다이안 키튼,2601734
10009848,19760715,다이앤 크루거,4232351
10009988,19990822,다코타 고요,1056250
10009990,19940223,다코타 패닝,5297691
10010002,19660520,다토 바크하제,1400301
10010368,19821010,댄 스티븐스,6221530
10010417,19761020,댄 포글러,4662534
10010611,19370808,더스틴 호프만,14669054
10010738,19570818,데니스 리어리,2513768
10010828,19540409,데니스 퀘이드,5504370
10011098,19900423,데브 파텔,2477584
10009173,19550602,데이너 카비,2520670
20173182,19820730,데이몬 웨이언스 주니어,2801949
20125951,19690118,데이브 바티스타,1311190
20175045,19850612,데이브 프랑코,5818340
10011916,19661102,데이빗 쉼머,2860268
10012123,19640404,데이빗 크로스,3984812
20126770,19870206,데인 드한,4168353
20209526,19930112,도경수,2979659
20127599,19750216,도니 제프콧,2292172
10012810,19780602,도미닉 쿠퍼,2485025
20128252,19910000,도지한,11254760
10013003,19641129,돈 치들,23596751
20181781,19830512,돔놀 글리슨,5659299
10013224,19750222,드류 베리모어,1999118
10013266,19720502,드웨인 존슨,14807658
10019472,19910826,딜런 오브라이언,5556840
20113455,19780321,라니 무케르지,861570
10015407,19460727,라드 세르베드지야,2308596
10013826,19750306,라미란,53813257
10014012,19801112,라이언 고슬링,2385108
10014018,19761023,라이언 레놀즈,7188020
10048668,19950912,라이언 포터,2801949
20138858,19890529,라일리 코프,3843343
20167180,19830310,라프 스팰,1588373
10014377,19621222,랄프 파인즈,5018628
10014740,19640407,러셀 크로우,11700022
10014824,19731003,레나 헤디,4522677
20175409,19831019,레베카 퍼거슨,6126488
10014990,19820503,레베카 홀,9001331
20187018,19860203,레벨 윌슨,1101678
10015127,19850701,레아 세이두,1820760
10015191,19741111,레오나르도 디카프리오,10270103
10015317,19571221,레이 로마노,1648110
10015346,19640524,레이 스티븐슨,1855917
10015360,19570219,레이 윈스톤,968535
10015375,19750823,레이 파크,1855917
10015500,19781117,레이첼 맥아담스,8302304
10015510,19810825,레이첼 빌슨,1665268
10015525,19710307,레이첼 와이즈,1736163
10015549,19790324,레이크 벨,2520670
10015755,19920119,로건 레먼,5234888
10015946,19750822,로드리고 산토로,2993417
10016307,19610730,로렌스 피쉬번,2256913
10016538,19650404,로버트 다우니 주니어,47437122
10016564,19430817,로버트 드니로,4508295
10016593,19360818,로버트 레드포드,3963251
20111975,19860513,로버트 패틴슨,9406739
10017136,19800921,로버트 호프만,1044659
10017413,19510721,로빈 윌리엄스,7319365
10017458,19790509,로자리오 도슨,1846180
10017663,19790127,로자먼드 파이크,1764233
10017836,19790724,로즈 번,6519732
10017849,19741026,로즈마리 드윗,2385108
20113116,19870418,로지 헌팅턴-휘틀리,11628086
10018055,19500413,론 펄먼,2539113
10018250,19720415,루 로마노,1025205
10018293,19770911,루다크리스,3424814
10018479,19681202,루시 리우,8638741
10018602,19570101,루이스 구즈만,1924414
10018889,19821129,루카스 블랙,3424814
10018892,19900810,루카스 틸,2938818
20129264,19790415,루크 에반스,8557481
10018956,19880824,루퍼트 그린트,18522408
10059402,19830301,루피타 뇽오,2537438
20111932,19791206,류담,1717566
10019043,19870612,류덕환,9320649
20236647,19880915,류선영,1110246
10019059,19790905,류수영,11374859
10019065,19701129,류승룡,68558410
10019067,19800809,류승범,23153899
10019068,19720812,류승수,5411083
10019069,19731215,류승완,1021631
20208626,19860925,류준열,5316015
10019124,19721116,류진,558807
10019134,19630117,류태호,1763231
10019138,19830310,류현경,9435033
20113462,19910328,류혜영,1046015
10019170,19540217,르네 루소,3610564
10019207,19690425,르네 젤위거,2258429
10019501,19720926,리민,6436508
10019511,19671004,리브 슈라이버,1280734
10019513,19770701,리브 타일러,991417
10055765,19750227,리빙빙,5295836
10019770,19520607,리암 니슨,22651898
10019779,19900113,리암 헴스워스,1500830
10019900,19820630,리지 캐플란,3100113
10020004,19620123,리차드 록스버그,872828
10020162,19710822,리차드 아미티지,9309587
20127969,19880220,리한나,2241687
10020846,19770516,린 콜린스,1022262
10021068,19670220,릴리 테일러,2262758
10057917,19900702,마고 로비,1898220
10021341,19710301,마동석,33461723
10021902,19670418,마리아 벨로,4090885
10022184,19750930,마리옹 꼬띠아르,5827444
10022495,19720727,마야 루돌프,2801949
10022607,19620501,마이아 모겐스턴,841006
10022667,19630525,마이크 마이어스,6712388
10022867,19440925,마이클 더글라스,2841795
10022981,19601127,마이클 리스폴리,1998059
20115327,19680705,마이클 스털버그,5446239
10023279,19871203,마이클 안가라노,1211882
10023474,19330314,마이클 케인,28132630
10023532,19510905,마이클 키튼,2625599
20112618,19770402,마이클 패스벤더,9786541
10023591,19760113,마이클 페나,3286528
20184490,19870220,마일즈 텔러,1589032
10024081,19671122,마크 러팔로,21306848
20112216,19710605,마크 월버그,5295836
10024468,19510925,마크 해밀,2803234
20112632,19660630,마튼 초카스,2147012
10024647,19670803,마티유 카소비츠,763078
10024731,19400803,마틴 쉰,4853123
10024795,19710908,마틴 프리먼,8509783
10024867,19290410,막스 본 시도우,4373915
10025008,19830921,매기 그레이스,6528591
10025026,19771116,매기 질렌할,4060490
10025029,19790522,매기 큐,4202239
10025047,19651122,매즈 미켈슨,5446239
10025110,19780403,매튜 구드,1743963
20113063,19691104,매튜 매커너히,10105247
10025154,19741017,매튜 맥퍼딘,882967
10025241,19660714,매튜 폭스,6245254
20128271,20000507,맥스웰 페리 코튼,980387
10025487,19840410,맨디 무어,1011163
10025511,19701008,맷 데이먼,12064016
20126368,19821028,맷 스미스,3240370
10025536,19601029,맹상훈,1003026
10025537,19911113,맹세창,14262198
10001364,19760807,메간 게일,3843343
10025621,19860516,메간 폭스,14782686
10025732,19841128,메리 엘리자베스 윈스티드,1438056
10025686,19640802,메리-루이스 파커,3004649
10025792,19490622,메릴 스트립,5919408
10025926,19830221,멜라니 로랑,2718227
10025976,19700826,멜리사 맥카시,2318748
10026087,19370601,모건 프리먼,17628100
10026146,19640930,모니카 벨루치,2661766
10026215,19790602,모레나 바카린,3317196
10026415,19940418,모이세스 아리아스,1400301
10026663,19750920,문 블러드굿,4499776
20198586,19960710,문가영,2367237
10026674,19870506,문근영,9095282
10026716,19530528,문성근,5637638
10026732,19740702,문소리,16958909
10026741,19540519,문숙,2053435
10026760,19680000,문영동,28346746
10026776,19800000,문원주,2985483
10026789,19820000,문재원,3330324
10026802,19760000,문정희,16277204
10026816,19840218,문지윤,1786831
10026825,19861113,문채원,9362626
10026863,19650828,문희경,1181233
10026997,19580303,미란다 리차드슨,1368508
10026999,19671216,미란다 오토,2642874
20112358,19930514,미란다 코스그로브,1027050
20147611,19750922,미레유 에노스,5237525
10027165,19780712,미셸 로드리게즈,5215730
10027183,19760323,미셸 모나한,3569862
10027153,19811215,미쉘 독커리,2084482
10027333,19721116,미시 파일,1764233
20112617,19891014,미아 와시코브스카,2147012
10027421,19580128,미우라 토모카즈,1065967
10027673,19520916,미키 루크,5763414
10027787,19790624,민디 캘링,4969735
20128452,19900429,민지,4018059
10027862,19370826,민지환,3035086
20112889,19860205,민효린,12272594
10027885,19751217,밀라 요보비치,1190008
10027886,19830814,밀라 쿠니스,1623310
10028008,19881214,바네사 허진스,1149628
10028329,19410629,바이쇼 치에코,2432351
10028409,19771101,박건형,1856759
20150526,19430000,박광남,925661
10028480,19850108,박그리나,2492552
10028490,19400607,박근형,2596665
10028507,19850213,박기웅,14429716
10028517,19680000,박길수,22685223
20126810,19710518,박노식,42082948
10028551,19720911,박대희,2985483
10028550,19731219,박대희,1021631
20166242,19701015,박동빈,765720
20175524,20070702,박민하,3117859
10028644,19650925,박민희,1670652
10028660,19770714,박병은,18187502
20191126,19930616,박보검,26250789
10028667,19900212,박보영,16553696
20167960,20030304,박사랑,7827373
10028686,19680127,박상면,1514708
10028688,19701019,박상민,1532632
20110711,19760118,박상욱,4252698
20211007,19881216,박서준,4245960
10028766,19720000,박성빈,830538
10028773,19730109,박성웅,22781817
20209686,19910908,박소담,25102986
10028829,19780103,박솔미,2079989
20158628,19700000,박수영,18820956
20158632,19750321,박수용,1012310
20158704,19831011,박수환,811772
10028859,19860818,박슬기,813164
10028880,19790329,박시연,4097006
10028886,19780403,박시후,2729798
10028888,19681101,박신양,4835414
10028892,19900218,박신혜,20529083
10028934,19811019,박영서,12180475
10028965,19810401,박예진,1301582
20110884,19461226,박용식,6088686
10028989,19710316,박용우,9717363
10029002,19770812,박용하,1517096
10029013,19700120,박원상,27198565
20127310,19860604,박유천,1475507
20132417,19671227,박윤희,5027096
20112070,19920904,박은빈,6959083
10029055,19521010,박은수,1265508
10029077,19750518,박인수,1584168
10029093,19450106,박인환,10863582
10029157,19740000,박정률,1724709
20110693,19870225,박정민,11769350
20111074,19810224,박정아,2073641
10029193,19641114,박정학,12752565
20112032,19820907,박종환,9707581
10029241,19721002,박주미,6611539
20111116,19640627,박준규,4136977
10029265,19760000,박준면,5714072
10029293,19660322,박중훈,15287363
10029298,19950314,박지빈,2194600
20111145,19800317,박지연,1872681
20110875,19681208,박지영,6992822
20110896,19800905,박지환,23658003
20064130,19780204,박진수,1559134
20110924,19730320,박진우,15038522
20112886,19881224,박진주,7362657
20110927,19780108,박진희,3584783
20110935,19670528,박철민,44971137
20133526,19830228,박철호,1191683
10029413,19600422,박철호,1191683
10029425,19640115,박충선,5345819
10029444,19720805,박태준,2979213
10029463,19841117,박한별,846903
10029474,19770126,박해일,35050692
20161741,19760614,박해준,5020139
10029480,19710711,박혁권,10830640
20233686,19941124,박혜수,1124815
20110789,19480813,박혜숙,6959083
10029573,19821008,박효주,22429064
10029574,19800612,박효준,2637451
10029595,19700213,박희순,15679395
10029659,19591231,발 킬머,1070986
10030016,19791011,배두나,19910342
20136191,19721121,배성우,44720315
10030161,19761209,배수빈,2940475
20125828,19941010,배수지,4111068
20111834,19860822,배유람,1128288
10030215,19720226,배재일,1298666
10030226,19640513,배종옥,2226971
10030280,19790321,백도빈,5685441
10030295,19801216,백봉기,604969
10030297,19710618,백상열,1514708
10030307,19890130,백성현,5580707
20169325,19791024,백승익,9889286
10030351,19470316,백윤식,30539341
10030361,19440610,백일섭,6577325
10030434,19661123,뱅상 카셀,4235276
20239927,19770801,버튼 페레즈,2665874
10030708,19760719,베네딕트 컴버배치,16307709
10030781,19730806,베라 파미가,5469053
20128889,19790519,베레니스 말로에,2376145
10031001,19731230,베어 제이슨,7855441
10031127,19810820,벤 반스,1140201
10031129,19480712,벤 버트,1325834
10031151,19651130,벤 스틸러,11570854
10031156,19720815,벤 애플렉,6854534
10031169,19801014,벤 위쇼,967593
10031191,19431231,벤 킹슬리,16122465
10031197,19801029,벤 포스터,1163274
10031400,19420608,변희봉,22923065
20131537,19861105,보아,2015026
10031644,19810000,봉태규,2797466
10031727,19810302,브라이스 달라스 하워드,5546792
10031926,19460601,브라이언 콕스,2773794
10032084,19631218,브래드 피트,13549674
10032109,19750105,브래들리 쿠퍼,1311190
10032139,19791009,브랜든 루스,1702765
10032261,19681203,브렌든 프레이저,5170800
10032511,19550319,브루스 윌리스,10313147
20127230,19870412,브룩클린 데커,2241687
10032593,19861023,브리아나 에비건,1044659
10032618,19720921,브리짓 모나핸,2415936
10032654,19760317,브리타니 다니엘,860340
10032962,19640730,비비카 A. 폭스,1500830
10028333,19650811,비올라 데이비스,1898220
10033301,19670718,빈 디젤,11396848
10033328,19590630,빈센트 도노프리오,5546792
10033412,19700328,빈스 본,2963193
10033433,19491212,빌 나이,4640230
10033469,19500921,빌 머레이,2537438
10033593,19550517,빌 팩스톤,4699307
10033600,19531217,빌 풀만,1500830
10033613,19780607,빌 헤이더,8349497
10033703,19421124,빌리 코놀리,1231024
10033789,19601012,사나다 히로유키,685561
10033933,19770601,사라 웨인 콜리스,2078698
10033936,19650325,사라 제시카 파커,1067550
10034033,19770513,사만다 모튼,4662534
10034095,19481221,사무엘 L. 잭슨,25850752
10034407,19700214,사이몬 페그,10086878
10034676,19640726,산드라 블록,5820292
10034928,19461106,샐리 필드,4853123
10034948,19920927,샘 러너,1051552
10035005,19760802,샘 워싱턴,20444896
10035154,19750807,샤를리즈 테론,9990731
20081269,19860611,샤이아 라보프,30333468
10036309,19770202,샤키라,4706158
20113516,19731127,샬토 코플리,2048857
20211008,19931012,서강준,4194590
10035342,19970805,서교,1328888
10035365,19680829,서동수,14375866
20231586,19930121,서미지,3587173
20145023,19700629,서범식,1744585
20111061,19671111,서상원,1926592
10035462,19980000,서신애,988451
20125821,19980216,서영주,7500420
20067819,19680000,서영화,5160302
10035492,19800613,서영희,15259813
20207266,19900406,서예지,8298126
10035507,19850707,서우,2267556
20237567,19810111,서우진,2192276
10035559,19820000,서재경,6436508
10035603,19661026,서주희,2701230
10035605,19870000,서준영,989906
10035635,19690807,서진원,949770
10035658,19670331,서태화,1546132
20171900,19910628,서현,1027050
20221406,19831120,서현우,1046015
10035681,19850000,서현진,2108273
10035683,19710806,서혜린(정희숙),1462972
10035745,19800321,선우선,12885296
10035749,19591224,선우은숙,2821561
10035772,19680501,설경구,44052631
20215606,19950103,설현,2192276
10035832,19670427,성동일,33345195
10035836,19540407,성룡,14913343
10035868,19810303,성유리,1346754
20202246,20000725,성유빈,1584168
10035872,19811208,성은,1188326
10035882,19681016,성지루,8116218
10035898,19750000,성현아,1030259
10036097,19820813,세바스찬 스탠,8677249
10036150,19820415,세스 로건,3984812
20115412,19920722,셀레나 고메즈,962770
10036357,19660902,셀마 헤이엑,2080445
20133997,19840609,션 리차드,7049643
10036673,19840000,소이현,1246836
10036685,19771104,소지섭,3449216
10052665,19960221,소피 터너,2938818
20120582,19820406,소피아 부텔라,1157156
10036818,19720000,손민석,5508017
10036828,19620825,손병호,22305524
20190101,19890527,손세빈,1979311
10036856,19440513,손숙,3587173
10036883,19820111,손예진,31484395
20232246,19670620,손종학,17879507
20111125,19650624,손현주,17829264
10036963,19840627,손호준,1177438
10037018,19670117,송강호,77747508
10037095,19791226,송새벽,15331018
10037116,19761005,송승헌,4823459
10037131,19580402,송영창,77185664
20166542,19730000,송요셉,4864766
10037147,19520920,송용태,1311071
20127774,19800506,송유하,2009586
10037157,19730000,송윤아,1994447
20190162,19860415,송은채,813164
10037179,19710000,송일국,1257923
20190050,19850218,송재림,4131338
10037206,19390310,송재호,13760904
20129609,19761005,송종호,4909937
10037229,19850919,송중기,9950864
20066637,19810815,송지효,11327568
10004264,19861202,송하윤,4191619
10037291,19820226,송혜교,2816284
10037383,19590417,숀 빈,1846180
10037539,19800725,수애,8973435
20188749,19850125,수현,10494499
10038010,19711020,스눕 독,1924414
20115442,19811109,스카티 톰슨,860340
10038163,19841122,스칼렛 요한슨,39147200
10038180,19910905,스캔더 킨즈,2687115
10038306,19651126,스콧 애짓,2801949
10038303,19760617,스콧 앳킨스,5446239
20170601,19860321,스콧 이스트우드,5323034
10038246,19771111,스쿳 맥네이리,2084482
10038506,19601111,스탠리 투치,10415688
10038522,20040506,스털링 제린스,1928605
10038855,19510613,스텔란 스카스가드,4734451
10038945,19721215,스튜어트 타운젠드,1694562
10039091,19571213,스티브 부세미,962770
10039193,19620816,스티브 카렐,1027050
10039210,19651014,스티브 쿠건,2520670
10039309,19561130,스티븐 딜레인,807850
10039447,19860323,스티븐 스트레이트,1134364
10039749,19491008,시고니 위버,15821561
20112238,19930510,시다 미라이,1065967
20233046,19881206,시마자키 노부나가,3651886
10040074,19810805,시바사키 코우,773025
10040142,19530209,시아란 힌즈,763078
10040152,19750316,시에나 길로리,915232
10040153,19811228,시에나 밀러,2665874
20211306,19900326,시우민,2051277
20111719,19831230,신경선,3330324
20133932,19850107,신다은,1208306
10040291,19771129,신동미,5503740
20111177,19710217,신동엽,837588
10040351,19950520,신명철,898000
10040372,19840405,신민아,5495342
20128312,19860525,신민철,1346754
10040416,19821123,신성록,11543669
10040423,19370508,신성일,3035086
10040425,19900000,신세경,6208979
20111744,19870805,신소율,11494412
10040452,19660409,신시아 닉슨,1067550
10040551,19781106,신이,8961993
10040580,19660926,신정근,41079096
10040599,19770000,신종훈,3451025
20210527,19940228,신지수,1202384
20166969,19770901,신치영,2135509
10040665,19740530,신하균,20302541
20110901,19860410,신현빈,972431
10040685,19620000,신현종,4565441
10040687,19681028,신현준,13131350
10040691,19800321,신현탁,7958586
10040860,19701123,심영,8035181
10040864,19751219,심온,1191683
10040874,19940531,심은경,28340029
10040901,19810000,심지호,3296474
10040912,19580103,심형래,1998059
20153620,19860000,심희섭,24080559
10041170,19470730,아놀드 슈왈제네거,3240370
10058992,19831106,아담 드바인,3610564
10041325,19660909,아담 샌들러,962770
10041654,19680312,아론 에크하트,5368363
10041669,19790827,아론 폴,1511195
10041846,19670808,아마미 유키,1117846
10041879,19851203,아만다 사이프리드,10472995
10041905,19720111,아만다 피트,5390201
10041935,19840418,아메리카 페레라,3000056
10042011,19421011,아미타브 바흐찬,861570
10042104,19970401,아사 버터필드,2718158
10042320,19690628,아예렛 주러,1400301
10066745,19840612,아용주,2682371
20121464,19930516,아이유,1457380
10042525,19760203,아일라 피셔,3774477
10042830,19660824,안길강,12090902
10042949,19881216,안나 팝플웰,1140201
10042972,19640724,안내상,20766480
20137818,20040112,안서현,5834408
10043361,19591101,안석환,3537375
20111228,19790224,안선영,2249597
10043371,19520101,안성기,33237877
20231467,19860129,안세하,1124815
10043430,19790923,안소니 마키,8677249
10043531,19371231,안소니 홉킨스,10836680
10043550,19920627,안소희,11565479
10043631,19860331,안재홍,1715370
10043663,19251016,안젤라 랜스베리,980387
10043730,19750604,안젤리나 졸리,26732202
10043877,19601010,안토니오 반데라스,4304296
10043964,19890311,안톤 옐친,7262203
10044014,19760421,안희성,1003026
10044278,19710316,알란 터딕,2801949
10044466,19580403,알렉 볼드윈,10562500
10044479,19820528,알렉사 다바로스,2642483
10044541,19760825,알렉산더 스카스가드,2241687
20131254,19860816,알렉산드리아 다다리오,1716455
10045066,19851127,알리슨 필,9349993
20166160,19881003,알리시아 비칸데르,2611966
10045160,19470722,알버트 브룩스,2601734
10041293,19790318,애덤 리바인,3427524
10041321,19721111,애덤 비치,1898220
20128630,19830506,애드리앤 팰리키,1855917
10045530,19730414,애드리언 브로디,3469311
10041659,19900613,애런 존슨,10494499
10046315,19870612,애비 리,3843343
10045585,19780207,애쉬튼 커처,957116
10045773,19821112,앤 해서웨이,30462476
10045975,19780823,앤드류 라넬스,3610564
20167040,19811027,앤드리아 리즈브로프,1515356
10046099,19640420,앤디 서키스,6607684
10046157,19730225,앤슨 마운트,2084482
10017628,19841223,앨리슨 수돌,4662534
10046287,19591119,앨리슨 제니,2718158
10046464,19641020,야마구치 토모코,1117846
10046888,19790601,양동근,2254071
20133564,19770711,양명헌,6684933
10046994,19680000,양영조,2367942
10047042,19620806,양자경,849251
10047067,19620627,양조위,6153810
10047098,19790903,양진우,2036035
10047116,19390323,양택조,1301582
10047315,19760313,엄기준,2213767
10047326,19711229,엄상현,1065967
10047328,19730615,엄수정,3138632
10047352,19690817,엄정화,24900307
10047357,19771225,엄지원,24731092
20111842,19830000,엄태구,8972526
10047367,19740405,엄태웅,15270145
10047374,19661024,엄효섭,16430512
10082878,19830329,에드 스크레인,3317196
20127873,19880407,에드 스펠리어스,915232
10047586,19501128,에드 해리스,9349993
10047666,19690818,에드워드 노튼,991417
10047713,19291115,에드워드 애스너,1030818
10047810,19820106,에디 레드메인,4662534
10047818,19610403,에디 머피,3885767
10048110,19680809,에릭 바나,2764371
20112369,19770424,에릭 벌포,860340
10048180,19610930,에릭 스톨츠,957116
10048383,19860912,에미 로섬,1368508
10048443,19881207,에밀리 브라우닝,1373873
10048445,19830223,에밀리 블런트,4699307
10091623,19870501,에밀리아 클라크,3240370
10048502,19800705,에바 그린,5547042
10048515,19740305,에바 멘데스,3424814
20179797,19790803,에반젤린 릴리,7467560
10048820,19760326,에이미 스마트,957116
10048829,19740820,에이미 아담스,6411580
10048852,19710916,에이미 포엘러,4969735
10049118,19770830,엘든 헨슨,957116
10049195,19580126,엘렌 드제너스,2601734
10049235,19870221,엘렌 페이지,10141315
10049256,19980409,엘르 패닝,1397526
10031077,19800502,엘리 켐퍼,2520670
10049300,19220626,엘리사 나이트,1325834
20120281,19890216,엘리자베스 올슨,10494499
10049590,19760718,엘자 패터키,3424814
10049633,19881106,엠마 스톤,11406584
10049635,19900415,엠마 왓슨,21977794
10049649,19590415,엠마 톰슨,6350876
10049765,19790000,여욱환,3296474
10049767,19400225,여운계,4043998
10049790,19970813,여진구,2394453
10035632,19840705,연우진,2051277
10049825,19781106,연정훈,1014372
10049852,19720728,염정아,4001190
10089676,19781023,영건,1892467
10050043,19610101,오광록,1027622
10050144,19760216,오다기리 조,1586042
10050151,19680615,오달수,152072834
20111279,19790705,오대환,19773050
10050205,19760809,오드리 토투,3022936
20126651,19780120,오마 사이,1720472
20237326,19650611,오만석,1603799
20153088,19800422,오민석,3484409
20231286,19830419,오산하,1817063
20111292,19670000,오상훈,2006052
10050461,19510927,오스기 렌,1584168
10050495,19800309,오스카 아이삭,5742052
10050570,19750126,오영두,1191683
10050638,19781221,오원식,2979213
10050648,19681118,오웬 윌슨,3074118
10050734,19770222,오정세,30530165
10050781,19680903,오지혜,6223493
10050782,19760414,오지호,7152447
20113992,19801001,오타니 료헤이,25084315
10050923,19821216,오태경,7003787
10050988,19361111,오현경,921111
10051043,19801013,옥지영,1112238
20128871,19720525,옥타비아 스펜서,9349993
20171680,19881227,옥택연,1212843
10051070,19831211,온주완,3810375
10051089,19791114,올가 쿠릴렌코,3720515
10051115,19770113,올랜도 블룸,16345672
10051205,19600112,올리버 플랫,5390201
10051229,19800703,올리비아 문,2938818
10051543,20030602,왕석현,8223266
20173466,19820302,요한 필리프 아스베크,1400301
10052042,19610723,우디 해럴슨,5818340
10052082,19700429,우마 서먼,1846180
10052174,19860525,우에노 주리,2053435
10052026,19740310,우정국,1584168
10052293,19640101,우현,17037317
10052456,19641026,원동연,827647
10052465,19770927,원빈,13480979
10052691,19620731,웨슬리 스나입스,665676
10052835,19720602,웬트워스 밀러,1190008
10052967,19680925,윌 스미스,12328668
10052984,19770629,윌 켐프,1044659
20112225,19670716,윌 페렐,875631
10052990,19930128,윌 폴터,5092829
10053140,19870427,윌리엄 모즐리,2280402
10053319,19561127,윌리엄 피츠너,1207732
10053565,19840209,유다인,6524424
20111286,19761122,유대현,1514708
10053575,19610927,유덕화,2052656
10053708,19760211,유선,14319742
10053771,19690914,유승목,36895684
10053782,19930817,유승호,7997130
10053802,19861006,유아인,28980570
10053827,19870825,유역비,1211882
20111976,19840411,유연석,16968527
10053829,19660921,유연수,1191683
20179004,19950123,유영,1169562
10053861,19680911,유오성,2969900
20112268,19820605,유인나,1726202
10053902,19840105,유인영,13414009
20152117,19730603,유재명,1584168
20185969,20031217,유재상,3566852
10053981,19691128,유준상,12488963
20152472,19790918,유지연,3494392
10054008,19760413,유지태,4108235
20111242,19810303,유진,1188326
10079964,19920327,유키 아오이,3651886
10054119,19691029,유하복,3024666
10054128,19700104,유해진,94748921
10054152,19731006,유혜정,2079989
20111253,19690124,유호정,7362657
10054204,19781220,윤계상,1112238
10054226,19710700,윤다경,6510562
10054228,19641230,윤다훈,1188326
10054257,19430118,윤문식,1875936
10054345,19780000,윤세아,4206586
10054355,19850000,윤소이,810406
20224649,19900530,윤아,7817459
10054391,19470619,윤여정,9428852
20111884,19800618,윤영민,1191683
10054440,19690117,윤유선,1600856
10054444,19841003,윤은혜,955679
10054493,19700309,윤제문,45396096
20237586,19791022,윤종화,3219898
10054511,19490625,윤주상,4070399
10054532,19780401,윤지혜,8151866
10054538,19830000,윤진서,2336172
10054593,19830625,윤혜진,5056803
10054609,19750219,윤희석,5416812
10054755,19601212,이경영,82844035
20111692,19850714,이광수,2963751
10054845,19730728,이광재,765720
10054895,19800804,이규한,3173426
20121465,19900330,이기광,1457380
10054939,19550903,이기열,5074314
20122862,19630826,이기영,6276771
10054943,19811023,이기우,2104461
20111334,19721225,이기철,942198
20215846,19860930,이기홍,5556840
20111314,19790222,이나영,4820885
10055073,19940303,이다윗,15999909
10055086,19641113,이대연,26148136
20237886,19700910,이도겸,6841094
10055134,19800726,이동건,2217504
20111341,19811006,이동욱,4195972
20111355,19830000,이동진,1144825
20111009,19740316,이동혁,837011
20186095,19850722,이동휘,41546802
10055199,19720906,이드리스 엘바,9273596
10055204,19710530,이디나 멘젤,10296101
20179001,20060312,이레,3780947
10055253,19670107,이르판 칸,1588373
20111367,19710718,이명수,2876141
10055385,19800000,이무생,3797708
10055401,19670000,이문식,6703762
10055414,19820525,이미도,19562236
20112011,19881029,이미소,4400153
20111397,19710923,이미연,4145609
10055433,19610316,이미영,1302952
10055447,19850116,이민기,20801668
20111082,19760531,이민아,4811473
20111405,19820216,이민정,4370849
20185376,19870622,이민호,2192276
20111408,19930628,이민호,7200978
20111409,19820000,이민호,1603799
10055581,19700103,이범수,21053342
20112263,19640127,이병준,6305098
10055626,19700813,이병헌,47158800
20111428,19790112,이보영,5152980
10055683,19490000,이봉규,7030639
20133596,19830508,이상엽,3117859
20111447,19800213,이상우,1567514
20177460,19810815,이상윤,1703097
20111462,19810928,이상현,5934232
20166879,19850509,이새별,3125069
20111474,19730130,이서진,1891993
20111479,19680727,이석원,6065474
10055970,19750302,이선균,15562412
20110148,19681015,이성민,29106467
20111504,19700823,이성재,2168819
20111516,19490515,이성호,703507
20111519,19720219,이성훈,2341521
10056083,19921220,이세영,2522060
10056084,19800831,이세은,608479
20110106,19820416,이소연,1507970
10056133,19820313,이수경,5685441
20111011,19880531,이수혁,1346754
10056199,19341010,이순재,5231283
10056227,19870113,이승기,1891993
10056244,19691222,이승신,3119682
10056268,19730211,이승준,30472129
20160505,19470310,이승호,5421963
20161740,19820703,이시언,1209363
10056359,19820417,이시영,7363934
20264309,19931013,이시카와 카이토,3651886
10056431,19760123,이심결,12983178
10056465,19731006,이안 그루퍼드,807850
10056479,19420929,이안 맥쉐인,3130046
10056480,19390525,이안 맥켈런,12028173
10056562,19310912,이안 홈,1830767
10056603,19640405,이얼,9746891
20163035,19820826,이엘,11519907
10056618,19630426,이연걸,5302767
20112884,19700523,이연경,14321740
20237566,19840620,이연두,2192276
10056633,19880109,이연희,5084858
10056645,19540000,이영란,9199301
10056670,19710131,이영애,3119682
20133952,19980710,이영유,1302952
20111701,19821214,이영훈,936945
10056773,19840103,이완,6043784
10056775,19710331,이완 맥그리거,11710142
10056914,19720123,이완 브렘너,9349993
10056792,19800409,이요원,12176364
20113303,19560000,이용녀,17652208
10056895,19660101,이원종,2834106
10056926,19820128,이유리,608479
20234546,19901122,이유비,3044811
20189016,19891208,이유영,2156261
10056941,19770108,이유진,2731606
10056972,19840315,이윤지,558807
10057001,19880808,이은성,9515040
10057006,19710602,이은수,1514708
10057015,19800822,이은우,1584168
10057024,19801116,이은주,3575170
20166144,19760000,이의수,1867849
20124322,19890108,이이경,8666046
10057075,19960728,이인성,1945224
20168021,19500727,이인성,2223851
10057189,19651106,이재구,9089821
20165044,19630321,이재용,8638294
10057221,19910513,이재응,19700714
20187986,19901020,이재준,2053435
10057300,19811023,이정우,1118277
10057311,19710000,이정인,3728430
10057315,19730316,이정재,53035674
10057320,19780525,이정진,5085230
10057329,19800207,이정현,17613682
10057349,19840704,이제훈,11259769
20127912,19890914,이종석,13885246
10057386,19761026,이종수,1510579
10057407,19800000,이종필,6178248
10057411,19740731,이종혁,7187293
10057434,19890720,이주승,989906
10057435,19440308,이주실,1799447
20231786,19870319,이주연,5316015
20112212,19880207,이준,6975290
10057469,19820417,이준기,16649217
10057492,19720319,이준혁,20008740
20133615,19840313,이준혁,1301582
20067653,19900125,이준호,8552828
10057590,19790327,이지훈,1659184
20188068,19881029,이지훈,1241899
10057628,19810916,이진욱,14755629
10057696,19860429,이채영,11869020
10057698,19811114,이채은,1221427
20111927,19700711,이철민,24028939
10057730,19841029,이청아,15107761
10057808,19360124,이치하라 에수코,3651886
20153139,19861005,이태임,1118258
10057985,19820923,이하나,4165140
20125825,19830302,이하늬,8531194
10058024,19610617,이한위,48919552
10058031,19700222,이항나,11374859
20164537,19700907,이해영,45398358
10058084,19730705,이혁재,627199
10058111,19660306,이현우,1098583
20111526,19930323,이현우,18722116
20179151,19850617,이현욱,2841828
10058115,19601007,이현정,1524898
20126938,19850305,이현진,2777998
10058183,19620904,이혜숙,8035181
10058190,19621125,이혜영,1479859
20111743,19851218,이화정,5508017
10058320,19790629,이희준,14500519
10058391,19810128,일라이저 우드,2605124
10058488,19720906,임근아,2979213
10058502,19550319,임달화,18491195
10058616,19690708,임성민,3687564
10058646,19800711,임수정,16290413
20110341,19870511,임슬옹,2940475
20171222,19881201,임시완,12444723
10058708,19701011,임원희,7113590
10058725,19840115,임은경,1263196
10058771,19820331,임정은,1358883
10058786,19661212,임종윤,9735630
10058796,19820518,임주환,5074557
10058806,19780307,임지규,8223266
20069387,19900623,임지연,9527509
10058821,19751107,임지은,4530059
10058849,19731130,임창정,14168948
10058853,19490902,임채무,3884622
10058890,19521031,임하룡,17669782
10058906,19790421,임현성,6275376
10058925,19740000,임형준,14944928
20154015,19691220,임호,558745
10059151,19711226,자레드 레토,1898220
10059155,19610824,자레드 해리스,1373873
10059158,19700501,자레스 J. 메즈,1400301
10059374,19691001,자크 갈리피아나키스,2080445
10060043,19520105,장광,39649803
10060065,19870804,장근석,1202351
20111525,19900522,장기범,1887731
10060094,19670720,장남열,4039891
10060114,19720307,장동건,10406560
10060151,19741111,장명갑,11324433
10060157,19740413,장문규,1165780
10060174,19840528,장미인애,1567514
10060194,19240929,장민호,2544911
10060201,19800524,장백지,685561
10060225,19720105,장서희,1875936
10060277,19640620,장세진,1257399
10060279,19800000,장소연,6879908
10060310,19840217,장신영,497689
10060331,19731125,장영남,55777091
10060379,19780816,장원식,1298666
20113281,19741105,장원영,9035187
20133145,19700605,장원종,3893216
20186171,19880711,장원형,5508017
20211726,19801107,장윤주,13414009
20232726,19870000,장인섭,2639709
10060548,19790209,장쯔이,1876605
10060562,19761014,장첸,4265139
10060576,19800927,장태성,1209363
10060592,19560901,장풍의,4265139
10060605,19470222,장항선,16940042
10060612,19761220,장혁,6809611
20158571,19710816,장혁진,1246836
10060624,19700717,장현성,5238111
10060691,19780105,재뉴어리 존스,2533852
10060736,19800929,재커리 레비,1011163
10061064,19770602,재커리 퀸토,3847708
10060818,19800525,재희,1144825
10076985,19920123,잭 레이너,5295836
10060900,19690828,잭 블랙,18932843
10061037,19821207,잭 휴스턴,1400301
10061058,19841221,잭슨 라스본,1371164
10061131,19780602,저스틴 롱,935168
20115326,19780721,저스틴 바사,1201673
10061167,19821031,저스틴 채트윈,2642874
10061208,19460803,적룡,1025302
10061228,19520721,전국환,27143899
10061252,19730211,전도연,8335816
10061272,19721207,전미선,8583316
20171342,20030520,전민서,7470633
10061276,19700602,전배수,32727487
20113003,19830917,전신환,1202384
10061347,19830315,전아민,2684783
10061399,19390000,전원주,1179661
10061467,19811031,전지현,35065254
10061532,19830927,전혜빈,8347261
20112423,19760101,전혜진,17200939
20128234,19820628,정겨운,1310895
10061575,19630919,정경순,967654
20110690,19720317,정경호,7903838
10061581,19830831,정경호,10348788
20155414,19850618,정다혜,1297296
20155416,19870107,정다혜,2985483
10061664,19850515,정대훈,773042
10061683,19490805,정동환,4109676
10061687,19661214,정두홍,5809767
10061699,19741211,정만식,64196001
20156246,19901011,정민주,1212843
20157462,19780909,정상훈,5599229
10061811,19710101,정석용,28309408
20113881,19850516,정석원,1584168
10061817,19710208,정선경,1059350
10061840,19560000,정성모,5316015
20158203,19790000,정성우,6684933
10061861,19750102,정성화,16750781
20191086,19890316,정소민,3044811
20115209,19820000,정수영,4804962
10061967,19811018,정영기,21923903
10061983,19770406,정영헌,2701230
10061990,19851119,정예지,1358883
10062023,19810114,정우,11343665
10062025,19730320,정우성,28616005
10062035,19400505,정욱,3583520
10062046,19750705,정운택,1532632
10062050,19710120,정웅인,30219188
10062060,19600926,정원중,42410955
10062071,19830118,정유미,28088545
10062072,19840223,정유미,1191683
10062073,19721227,정유석,2701230
20113533,19861124,정은채,11296173
10062122,19850419,정의철,2135509
10062134,19660000,정인기,16995218
10062184,19701120,정재영,33150061
20189362,20040726,정준원,6673967
10062239,19710318,정준하,10422663
10062240,19701001,정준호,18224706
20120861,19841122,정지윤,1646142
10062267,19820625,정지훈,2531347
20235446,20070531,정지훈,988451
20133634,19760804,정진,8488716
10062270,19411122,정진,2963196
10062279,19641016,정진영,39433785
10062362,19721130,정필주,1003026
10062374,19540622,정한용,1201944
10062378,19690305,정해균,2095592
10062422,19430221,정혜선,1901694
10062427,19810506,정혜영,2290709
20069204,19731214,정혜영,3893216
10062523,19870729,제네시스 로드리게스,2801949
10062620,19790221,제니퍼 러브 휴잇,859051
10062627,19900815,제니퍼 로렌스,7252689
10062629,19690724,제니퍼 로페즈,1648110
10062683,19690211,제니퍼 애니스턴,935168
10062722,19701212,제니퍼 코넬리,4268830
10062791,19691113,제라드 버틀러,10657336
10062937,19710107,제레미 레너,39882079
10062964,19890205,제레미 섬터,2078698
10062976,19480919,제레미 아이언스,3492681
10063142,19540429,제리 사인펠드,1236167
10063214,19740110,제메인 클레멘트,3379762
10063284,19831005,제시 아이젠버그,8075253
10053214,19920229,제시 어셔,1500830
10063321,19850924,제시카 루카스,1373873
10063343,19820303,제시카 비엘,1219637
20114821,19810329,제시카 차스테인,14986047
10063418,19820409,제이 바루첼,5562468
20166057,19860315,제이 코트니,6576646
10063490,19780220,제이 헤르난데즈,1898220
10063499,19710918,제이다 핀켓 스미스,3436530
10063545,19860314,제이미 벨,11015261
10063566,19830410,제이미 정,2801949
10063588,19671213,제이미 폭스,5541414
10063628,19700425,제이슨 리,620749
10063643,19740612,제이슨 미웨스,1998059
10063655,19690114,제이슨 베이트먼,4706158
10063676,19720912,제이슨 스타뎀,9928741
20131175,19740106,제이슨 코프,841125
10063725,19690717,제이슨 클락,7242930
10063789,19780528,제이크 존슨,5546792
10063816,19801219,제이크 질렌할,5079280
10064095,19790421,제임스 맥어보이,12645261
10064202,19600207,제임스 스페이더,10494499
10064305,19680926,제임스 카비젤,841006
10064321,19780617,제임스 코든,3427524
10064342,19400127,제임스 크롬웰,2801949
20113898,19780419,제임스 프랭코,2773794
10064554,19521022,제프 골드블럼,1500830
10064565,19550219,제프 다니엘스,4880800
10064638,19491204,제프 브리지스,4290816
10064778,19510706,제프리 러쉬,806248
10064955,19860112,젬마 아터튼,4613306
10065071,19780619,조 샐다나,17376254
10065160,19881201,조 크라비츠,3843343
10083374,19850326,조나단 그로프,10296101
10065333,19770727,조나단 리스 메이어스,1935790
10065531,19630609,조니 뎁,15944095
10065577,19800426,조다나 브루스터,3424814
10065609,19810510,조달환,15737400
20111862,19680302,조덕제,5796775
10065617,19670529,조덕현,27746537
10065670,19621119,조디 포스터,1207732
10065813,19760312,조미,4265139
10065825,19651105,조민기,11374859
10065830,19650129,조민수,7362657
10065832,20021125,조민아,5181014
20203246,19860000,조복래,21954738
10065876,19460109,조상건,8176898
10065946,19660808,조성하,15824779
10066016,19810217,조셉 고든 레빗,6396528
20217026,19910121,조수향,5442128
10066254,19721114,조쉬 더하멜,7784743
10066257,19710620,조쉬 루카스,2316695
10066309,19921012,조쉬 허처슨,2229543
10066274,19680212,조슈 브롤린,3379762
20132305,19720414,조승연,9201763
10066380,19800213,조승우,21344757
10066247,19810223,조시 게드,10296101
10066441,19821114,조안,3029135
10066575,19621011,조앤 쿠삭,1458865
10066641,19740623,조엘 에저튼,1511195
20169559,19791125,조엘 킨나만,1898220
10066680,19810210,조여정,11469183
10066710,19620000,조영진,17664871
20179942,19820621,조완기,11374859
10066769,19640927,조원희,7199002
10066791,19821013,조윤희,10399515
10066805,19810210,조은지,18626626
10066899,19810728,조인성,10442376
10066926,19740915,조재윤,32817849
10066929,19650630,조재현,10060069
20121022,19801226,조정석,23418399
10067224,19610506,조지 클루니,4565907
10067274,19950712,조지 헨리,4156018
10067353,19760303,조진웅,63000062
10067370,19590512,조철현,1717566
10067415,19810617,조한선,2843428
10067438,19771218,조현수,1068087
10067447,19800509,조현재,936945
10067455,19780930,조현철,782907
10067476,19800330,조혜진,6436508
10067479,19690000,조화성,6684933
10067494,19710823,조희봉,21342126
10067550,19570617,존 그리스,1860934
10067699,19640722,존 레귀자모,2513768
10067815,19531209,존 말코비치,12301732
10067925,19760920,존 번탈,1362114
10067952,19381229,존 보이트,1201673
10068115,19771029,존 아브라함스,2084482
10068265,19720616,존 조,1157156
10068370,19660628,존 쿠삭,5390201
10068447,19661019,존 파브로,9001331
10068576,19710310,존 햄,2625599
10068587,19400122,존 허트,9349993
10068853,19790118,주걸륜,3100113
10068885,19950616,주다영,898000
10068896,19721229,주드 로,6848355
10068893,19750720,주디 그리어,5546792
10068911,19341209,주디 덴치,5094303
10069030,19460101,주부진,3728430
10069038,19780718,주상욱,3045632
10069049,19620622,주성치,823559
20113225,19800521,주영호,1346754
20112931,19870930,주원,2164273
10069152,19800117,주이 디샤넬,818604
10069179,19820516,주지훈,6098350
20111954,19580226,주진모,40331823
10069182,19740811,주진모,15917160
10069209,19410000,주현,9542739
10069434,19810328,줄리아 스타일즈,4604270
10069498,19601203,줄리안 무어,2084482
10069674,19850801,쥬니,9765716
10069694,19741129,즈링 린/임지령,1570703
10069713,19791108,증국상,12983178
20128710,19820416,지나 카라노,3317196
10069833,19780522,지니퍼 굿윈,5641326
10069842,19690000,지대한,21053323
10069957,19770227,지성,3713423
20144380,19811219,지승현,4747983
10070056,19580426,지안카를로 에스포지토,2537438
10070224,19710624,지진희,2647313
10070393,19720327,진경,41028647
10070417,19800720,진구,37076516
10070514,19830101,진서연,1730535
20137049,19770000,진선규,1221427
20195689,19940215,진세연,7049643
10070678,19990325,진지희,6246849
10006144,19810215,진태현,3063751
10070991,19620117,짐 캐리,1798991
10071085,19660215,차광수,11374859
10071134,19810815,차수연,3682623
10071140,19700607,차승원,14871250
10071147,19850716,차예련,2242510
20189354,19821226,차은재,14399525
10071183,19671014,차인표,12528466
10071193,19791117,차종호,1716429
10071209,19760325,차태현,21268476
20133640,19800209,차현우,3246041
10071219,19831118,차현정,1112238
20206946,19921127,찬열,1165780
20114851,19760209,찰리 데이,2539113
10071315,19800410,찰리 허냄,2539113
10071622,19800426,채닝 테이텀,4521791
10071672,19810316,채민서,558745
20233666,19940430,채서진,2749416
10071770,19981215,챈들러 캔터베리,1047062
20210966,19870827,천민희,6043784
20110313,20020823,천보근,24414597
10071867,19760913,천성훈,1799447
20133966,19870420,천우희,21147894
10071900,19600909,천호진,26878265
10072075,19770505,최강희,5988870
10072106,19820910,최광락,1892467
20149353,19831225,최권,3024666
20111535,19860222,최다니엘,6523450
10072168,19700000,최덕문,55858575
10072195,19601130,최란,846020
20233266,19730331,최령,837011
20231368,19950629,최리,3587173
10072210,19680112,최무성,27914457
10072241,19741107,최민,2945137
10072250,19620326,최민수,1257399
10072251,19620427,최민식,39673786
10072255,19761106,최민철,8821852
10072269,19720114,최병모,10839873
10072330,19621216,최선중,604969
10072338,19701202,최성국,4249889
20154690,19730930,최성민,608479
20232846,19850117,최성원,3795248
10072431,19871104,최승현,7345685
10072456,19830727,최여진,1144825
10072524,19820720,최우리,6037536
20174763,19900326,최우식,19702000
10072532,19970504,최우혁,3234130
20160027,19791112,최욱,5045681
10072552,19760110,최원영,2729798
20127911,19860925,최윤영,1872681
10072586,19750805,최윤영,5074314
10072605,19831205,최은영,2554960
10072613,19790222,최은주,6317290
10072645,19590000,최일화,16415795
20131384,19790628,최재웅,2798940
10072674,19830715,최재환,8882084
10072695,19580517,최정우,23515595
10072699,19810430,최정원,1991433
10072700,19770509,최정윤,2199145
10072722,19500127,최종원,8481809
10072753,19750000,최지나,2554960
10072767,19750611,최지우,542955
20133466,19940619,최지은,2023174
10072773,19801125,최지호,5074449
10035775,19940329,최진리,8666046
20178264,19850209,최진혁,3566852
20134082,19680526,최진호,27574129
10072221,19870107,최희서,1172641
10072962,19730909,추상미,542955
10072977,19790120,추자현,4066230
20124956,19880211,추종범,3330324
10073030,19641229,츠루미 신고,7500420
10073160,19770710,치웨텔 에지오포,10836440
10084308,19920822,카라 델러비인,1898220
10073693,19720830,카메론 디아즈,9973475
20264269,19880127,카미시라이시 모네,3651886
20115319,19930519,카미키 류노스케,4717853
10073781,19861002,카밀라 벨,1134364
10073877,19920313,카야 스코델라리오,5556840
10073992,19590222,카일 맥라클란,4969735
20113037,19720607,칼 어번,3847708
10074418,19710829,칼라 구기노,980387
10074755,19850528,캐리 멀리건,1445248
10074761,19670821,캐리 앤 모스,1373873
10074781,19561021,캐리 피셔,2803234
10086536,19800303,캐서린 워터스턴,4662534
10074903,19690925,캐서린 제타-존스,3991552
10074917,19590323,캐서린 키너,3427524
10075125,19670226,커리 그레이엄,1373873
10076296,19720313,커먼,1898220
10075138,19820430,커스틴 던스트,6098508
10075185,19510317,커트 러셀,5741509
10075291,19601210,케네스 브래너,1784165
10075371,19760323,케리 러셀,1935790
10075454,19730809,케빈 맥키드,1846180
10075474,19580708,케빈 베이컨,2533852
10075496,19590726,케빈 스페이시,1702765
10075522,19650426,케빈 제임스,962770
10075538,19550118,케빈 코스트너,2182227
10075553,19471024,케빈 클라인,5119852
10075582,19800703,케빈 하트,2520670
10075675,19750812,케이시 애플렉,10105247
10075708,19830227,케이트 마라,4880800
10075719,19730726,케이트 베킨세일,2092465
10075724,19690514,케이트 블란쳇,13541623
10075742,19751005,케이트 윈슬렛,1017603
10075712,19831024,케이티 맥그라스,5546792
10075911,19690713,켄 정,1512340
10076039,19760223,켈리 맥도날드,1231024
10048181,19760314,코리 스톨,2841795
10084334,19820403,코비 스멀더스,10494499
10076441,19600312,코트니 B. 반스,3240370
10076865,19960106,코트니 이튼,3843343
10076552,19750322,콜 하우저,1438056
10076626,19760531,콜린 파렐,6953157
10076631,19600910,콜린 퍼스,11488404
10076693,19551116,쿠니무라 준,6879908
10076775,19740709,쿠사나기 츠요시,773025
10076840,19700318,퀸 라티파,2513768
10076983,19440404,크레이그 T. 넬슨,620749
10077017,19541113,크리스 노스,1067550
10077046,19650207,크리스 록,2860268
10077075,19680000,크리스 밀러,1512340
10077150,19810613,크리스 에반스,39559859
20173203,19791009,크리스 오다우드,2718158
10077251,19800826,크리스 파인,4903958
10077262,19790621,크리스 프랫,6857982
10077282,19830811,크리스 헴스워스,22303817
10077325,19740130,크리스찬 베일,17337233
10077498,19220527,크리스토퍼 리,7230889
10077601,19430331,크리스토퍼 월켄,2537438
10077744,19561004,크리스토프 왈츠,1820760
10077952,19650224,크리스틴 데이비스,1067550
10077984,19800718,크리스틴 벨,10296101
10077997,19900409,크리스틴 스튜어트,9406739
10077417,19730822,크리스틴 위그,4880800
10078055,19640420,크리스핀 글로버,2147012
10078252,19641003,클라이브 오웬,807850
10078276,19590105,클랜시 브라운,1163274
10078687,19640902,키아누 리브스,3043231
10078551,19850326,키이라 나이틀리,6054454
10078780,19661221,키퍼 서덜랜드,1373873
10078866,19560821,킴 캐트럴,1067550
10075263,19861226,킷 해링턴,1373873
20264310,20040504,타니 카논,3651886
10023742,19961111,타이 쉐리던,2938818
10079261,19781230,타이레스 깁슨,3424814
10079457,19680724,탁재훈,12045137
10079458,19870000,탁트인,5494334
10079526,19791007,탕웨이,2734516
10008451,19891110,태런 에저튼,6129681
20167017,19890309,태연,1027050
10079550,19721106,탠디 뉴튼,5390201
10079720,19860226,테레사 팔머,1111284
10079735,19690311,테렌스 하워드,4290816
10079948,19920211,테일러 로트너,4724063
10079954,19810408,테일러 키취,2241687
20126989,19781223,토니 블랙,860340
10080483,19900516,토마스 생스터,5556840
10080641,19460915,토미 리 존스,5991728
10080702,19750627,토비 맥과이어,7543756
10080718,19820709,토비 켑벨,2563575
10080866,19640807,톰 맥그라스,1512340
10081054,19620703,톰 크루즈,32223915
10081106,19770915,톰 하디,12247059
10081113,19560709,톰 행크스,7375391
20272630,19960601,톰 홀랜드,8677249
20172889,19810209,톰 히들스턴,3039889
10081217,19790715,트래비스 핌멜,1163274
10081721,19601105,틸다 스윈튼,14796232
10082391,19810916,판빙빙,1586042
10082423,19641105,팜케 얀센,4169530
10082575,19660113,패트릭 뎀시,7784743
10082650,19400713,패트릭 스튜어트,1438056
10082678,19730703,패트릭 윌슨,5559871
10082756,19690127,패튼 오스왈트,1025205
10082948,19740428,페넬로페 크루즈,3130046
10083379,19610715,포레스트 휘테커,2868663
10083458,19790412,폴 니콜스,859051
10083514,19690406,폴 러드,2841795
10083638,19710527,폴 베타니,19495830
10083746,19730912,폴 워커,6660844
10083789,19670606,폴 지아마티,1924414
10084015,19751205,폴라 패튼,1163274
10084238,19570623,프란시스 맥도먼드,1629799
10084254,19670612,프란시스 오코너,1928605
10084370,19740722,프란카 포텐테,1928605
10084454,19550921,프랑수아 클뤼제,1720472
10085071,19920214,프레디 하이모어,3218138
10085118,19841018,프리다 핀토,5218625
10085363,19530516,피어스 브로스넌,1846180
10086510,19670723,필립 세이모어 호프만,5127003
10086728,19790820,하동훈,1014372
10086891,19390513,하비 케이틀,1998059
10086911,19690301,하비에르 바르뎀,2376145
10086944,19820210,하석진,1188326
20207754,19901010,하연수,1865195
10087253,19780311,하정우,73112309
10087280,19780628,하지원,23630365
10087363,19820202,한가인,4716037
10087380,19750315,한고은,1532632
10087396,19610313,한기중,12685930
20111961,19600317,한명구,2341521
10087518,19641103,한석규,19047341
10087586,19470618,한스 지슬러,763078
20090447,19841223,한예리,6783990
10087693,19800710,한은정,4296660
20233528,19781024,한재영,13379716
10087723,19721120,한정수,1304892
10087751,19821105,한지민,17302011
20145277,19900603,한지은,8657982
10087763,19840629,한지혜,2558448
10087774,19490314,한진희,991674
10087779,19800000,한채영,3597883
10087814,19811027,한혜진,7094313
10087820,19870222,한효주,24354369
10033626,19540605,할룩 빌기너,1400301
10087875,19660814,할리 베리,6107181
10087924,19881212,함은정,1339833
10088165,19420713,해리슨 포드,6914987
10088224,19640425,행크 아자리아,2999876
10088450,19820611,허준석,1624601
10088453,19640000,허준호,9465979
10088460,19490828,허진,6879908
10088477,19800407,허태희,1311071
10088620,19810419,헤이든 크리스텐슨,3130060
10078657,19961211,헤일리 스테인펠드,3427524
10088784,19830505,헨리 카빌,5777551
10088863,19660526,헬레나 본햄 카터,8873780
10088888,19450726,헬렌 미렌,6429463
10088960,19710000,현경선,1003026
10088975,19820925,현빈,12512856
20196006,19990917,현승민,1584168
10088987,19760906,현영,3558970
10090604,19680318,호군,1570703
10089361,19580320,홀리 헌터,2877662
10089395,19761027,홍경인,6959083
10089485,19741216,홍범기,1065967
10089534,19680628,홍성덕,1128288
10089613,19860630,홍수아,1533175
10089621,19810215,홍수현,2498755
20233866,20080223,홍은택,2625686
10089894,19620706,홍진희,7362657
20239407,19830527,황미영,2108273
10090096,19831002,황보라,955679
10090114,19720000,황석정,5094231
20232807,19770624,황석하,988451
10090203,19790810,황우슬혜,9389046
10090290,19700901,황정민,83227571
20111869,19690523,황정민,21887340
10090333,19790220,황지애,1003026
10090792,19600909,휴 그랜트,2086212
10090817,19681012,휴 잭맨,19762246
10090849,19600404,휴고 위빙,7230889
10090940,19840113,히라야마 아야,1442299
10091017,19790404,히스 레저,4060490