Title,Genre,RunningTime,Grade,ReleaseDate,Sales,Audiences,Screens,Plays,MajorNationality,Nationality,Agency,MovieID,Sparkline
300 ,액션,116,청소년 관람불가,2007-03-14,18683698500,2929561,402,60856,미국,미국,워너브러더스 코리아(주),20070033,0
2012 ,"SF,액션,어드벤처",157,12세 이상 관람가,2009-11-12,38886883500,5390201,856,88814,미국,미국,한국소니픽쳐스릴리징브에나비스타영화㈜,20090685,0
007 스카이폴,액션,143,15세 이상 관람가,2012-10-26,17487213000,2376145,748,51357,미국,"미국,영국",소니픽쳐스릴리징월트디즈니스튜디오스코리아(주),20113461,0
007 스펙터,"액션,어드벤처,범죄,스릴러",148,15세 이상 관람가,2015-11-11,14301476030,1820760,1105,51940,영국,"영국,미국",유니버설픽쳐스인터내셔널 코리아(유),20157432,0
007 카지노 로얄,액션,145,15세 이상 관람가,2006-12-21,4991296000,811405,334,15383,미국,미국,한국소니픽쳐스릴리징브에나비스타영화㈜,20060358,0
007 퀀텀 오브 솔러스,"액션,어드벤처",106,15세 이상 관람가,2008-11-05,14389307000,2205159,520,70774,미국,미국,한국소니픽쳐스릴리징브에나비스타영화㈜,20081484,0
"10,000 BC","어드벤처,드라마",109,15세 이상 관람가,2008-03-13,7443923500,1134364,362,38983,미국,미국,워너브러더스 코리아(주),20080148,0
1번가의 기적,"드라마,코미디",113,15세 이상 관람가,2007-02-14,15494034100,2535431,340,54562,한국,한국,씨제이엔터테인먼트,20070014,0
26년,"액션,드라마",135,15세 이상 관람가,2012-11-29,21111878145,2940475,611,50044,한국,한국,"(주)인벤트스톤,영화사청어람(주)",20088506,0
300: 제국의 부활,"액션,드라마,전쟁",102,청소년 관람불가,2014-03-06,13395159700,1593116,720,54902,미국,미국,워너브러더스 코리아(주),20147247,0
6년째 연애중,"멜로/로맨스,드라마",112,15세 이상 관람가,2008-02-05,7422697000,1112238,326,27464,한국,한국,(주)스튜디오210,20070548,0
7광구,"SF,액션,스릴러",101,15세 이상 관람가,2011-08-04,19391653500,2242510,812,47346,한국,한국,씨제이이앤엠(주),20119513,0
7급 공무원,"코미디,액션,드라마,범죄",112,12세 이상 관람가,2009-04-22,26380710000,4039891,475,90779,한국,한국,롯데쇼핑㈜롯데엔터테인먼트,20081737,0
7번방의 선물,"코미디,드라마",127,15세 이상 관람가,2013-01-23,91431914670,12811206,866,166815,한국,한국,(주)넥스트엔터테인먼트월드(NEW),20127593,0
B형 남자친구,코미디,96,12세 이상 관람가,2005-02-03,7324579000,1174581,167,20316,한국,한국,롯데쇼핑㈜롯데엔터테인먼트,20050008,0
GP 506,"공포(호러),미스터리,스릴러",120,청소년 관람불가,2008-04-03,6316842000,936945,355,35830,한국,한국,(주)쇼박스,20072148,0
R2B: 리턴투베이스,"액션,드라마",113,15세 이상 관람가,2012-08-15,8602921371,1201944,539,32881,한국,한국,씨제이이앤엠(주),20124049,0
S 다이어리,코미디,104,12세 이상 관람가,2004-10-22,7024070500,1098583,169,20150,한국,한국,"씨제이엔터테인먼트,아이러브시네마",20040641,0
가디언즈,"애니메이션,어드벤처",97,전체 관람가,2012-11-29,8083010500,1056250,470,21045,미국,미국,씨제이이앤엠(주),20126407,0
가디언즈 오브 갤럭시,"액션,어드벤처,SF",121,12세 이상 관람가,2014-07-31,11098239184,1311190,539,22417,미국,미국,소니픽쳐스릴리징월트디즈니스튜디오스코리아(주),20149317,0
가문의 부활 - 가문의 영광3,코미디,128,12세 이상 관람가,2006-09-21,15996330400,2598859,444,51434,한국,한국,(주)쇼박스,20060257,0
가문의 영광4 - 가문의 수난,코미디,103,15세 이상 관람가,2011-09-07,17792219500,2368267,537,48432,한국,한국,(주)넥스트엔터테인먼트월드(NEW),20112272,0
가문의 위기(가문의 영광2),코미디,115,12세 이상 관람가,2005-09-07,28622355500,4529876,351,61009,한국,한국,(주)쇼박스,20050219,0
가족,드라마,95,12세 이상 관람가,2004-09-03,8051239500,1270581,104,25473,한국,한국,(주)튜브엔터테인먼트,20040554,0
각설탕,드라마,124,전체 관람가,2006-08-10,7631785700,1265508,228,25009,한국,한국,씨제이엔터테인먼트,20060214,0
간 큰 가족,코미디,102,12세 이상 관람가,2005-06-09,8212961893,1305518,247,31517,한국,한국,(주)쇼박스,20050064,0
간기남,"코미디,스릴러",117,청소년 관람불가,2012-04-11,9356404500,1246185,396,38155,한국,한국,(주)쇼박스,20124032,0
간신,사극,131,청소년 관람불가,2015-05-21,8946842910,1110246,697,40580,한국,한국,롯데쇼핑㈜롯데엔터테인먼트,20142402,0
간첩,"드라마,코미디,액션",115,15세 이상 관람가,2012-09-20,9316548500,1310895,576,41726,한국,한국,롯데쇼핑㈜롯데엔터테인먼트,20124400,0
감기,"드라마,어드벤처,액션",121,15세 이상 관람가,2013-08-14,21774884000,3117859,806,55046,한국,한국,아이러브시네마,20124937,0
감시자들,"범죄,액션",118,15세 이상 관람가,2013-07-03,39380162179,5508017,949,100309,한국,한국,(주)넥스트엔터테인먼트월드(NEW),20122783,0
강남 1970,"액션,드라마",135,청소년 관람불가,2015-01-21,17718699499,2192276,841,53304,한국,한국,(주)쇼박스,20136888,0
강력 3반,액션,111,12세 이상 관람가,2005-09-29,5053205500,828112,174,19950,한국,한국,롯데쇼핑㈜롯데엔터테인먼트,20050233,0
강철중: 공공의 적 1-1,"드라마,액션",127,15세 이상 관람가,2008-06-19,28638460100,4313101,707,74157,한국,한국,"씨제이엔터테인먼트,(주)시네마서비스",20080736,0
개구쟁이 스머프,애니메이션,101,전체 관람가,2011-08-11,7722519000,1027436,399,18225,미국,미국,한국소니픽쳐스릴리징브에나비스타영화㈜,20111540,0
거룩한 계보,"드라마,액션",126,12세 이상 관람가,2006-10-19,8759204600,1433696,372,32111,한국,한국,씨제이엔터테인먼트,20060292,0
거북이 달린다,"드라마,액션,범죄",117,15세 이상 관람가,2009-06-11,20618276000,3024666,432,69946,한국,한국,(주)쇼박스,20090297,0
건축학개론,"멜로/로맨스,드라마",118,12세 이상 관람가,2012-03-22,30222696000,4111068,593,106067,한국,한국,롯데쇼핑㈜롯데엔터테인먼트,20124074,0
걸리버 여행기,"코미디,어드벤처",87,전체 관람가,2011-01-27,16441365500,1762071,527,41181,미국,미국,이십세기폭스코리아(주),20102417,0
검사외전,"범죄,코미디",126,15세 이상 관람가,2016-02-03,77320403264,9707581,1812,153532,한국,한국,(주)쇼박스,20145507,0
검은 사제들,"미스터리,드라마",108,15세 이상 관람가,2015-11-05,42405282092,5442128,1109,131155,한국,한국,씨제이이앤엠(주),20145503,0
검은 집,"스릴러,미스터리,공포(호러)",103,청소년 관람불가,2007-06-21,8841047700,1321947,332,39830,한국,한국,씨제이엔터테인먼트,20070205,0
게이샤의 추억,드라마,144,12세 이상 관람가,2006-02-02,5337760000,849251,179,14464,미국,미국,소니픽쳐스릴리징코리아,20050362,0
겨울왕국,"애니메이션,어드벤처,가족,코미디,뮤지컬,판타지",108,전체 관람가,2014-01-16,82461504400,10296101,1010,157683,미국,미국,소니픽쳐스릴리징월트디즈니스튜디오스코리아(주),20136803,0
결혼전야,"멜로/로맨스,코미디",118,15세 이상 관람가,2013-11-21,8434175719,1212843,524,38819,한국,한국,씨너스엔터테인먼트(주),20136061,0
고死 : 피의 중간고사,"공포(호러),스릴러",85,15세 이상 관람가,2008-08-07,10300791000,1634192,270,42719,한국,한국,에스케이텔레콤(주),20081058,0
고지전,"드라마,전쟁",133,15세 이상 관람가,2011-07-20,21968557600,2945137,585,53738,한국,한국,(주)쇼박스,20119515,0
곡성,"미스터리,스릴러,드라마",156,15세 이상 관람가,2016-05-12,55863520382,6879908,1485,130322,한국,한국,이십세기폭스코리아(주),20140194,0
공공의 적 2,드라마,149,12세 이상 관람가,2005-01-27,20091127000,3134421,299,40642,한국,한국,(주)시네마서비스,20040786,0
공모자들,"범죄,스릴러",111,청소년 관람불가,2012-08-29,12240964500,1646142,496,44959,한국,한국,"씨너스엔터테인먼트(주),타임스토리그룹(주)",20124063,0
공범,"스릴러,드라마",96,15세 이상 관람가,2013-10-24,12333110882,1766285,611,51425,한국,한국,씨제이이앤엠(주),20129606,0
공조,액션,125,15세 이상 관람가,2017-01-18,63781818326,7817459,1392,142984,한국,한국,씨제이이앤엠(주),20151228,0
과속스캔들,코미디,108,12세 이상 관람가,2008-12-03,53800771400,8223266,408,145555,한국,한국,롯데쇼핑㈜롯데엔터테인먼트,20081672,0
관상,"사극,드라마",140,15세 이상 관람가,2013-09-11,66005427500,9134581,1240,125073,한국,한국,(주)쇼박스,20126091,0
광식이 동생 광태,코미디,104,12세 이상 관람가,2005-11-23,12808604009,2024424,276,35674,한국,한국,(주)엠케이픽처스,20050292,0
"광해, 왕이 된 남자","사극,드라마",131,15세 이상 관람가,2012-09-13,88899448769,12319390,1001,203400,한국,한국,씨제이이앤엠(주),20124079,0
괴물,"SF,가족,드라마",119,12세 이상 관람가,2006-07-27,66715713300,10917153,647,113073,한국,한국,(주)쇼박스,20060151,0
구르믈 버서난 달처럼,"사극,액션",111,15세 이상 관람가,2010-04-28,10241716500,1383867,506,48314,한국,한국,에스케이텔레콤(주),20090931,0
구세주,"코미디,액션,멜로/로맨스",104,12세 이상 관람가,2006-02-16,10087308700,1621131,206,31939,한국,한국,쇼이스트(주),20060019,0
국가대표,"드라마,액션,코미디",137,12세 이상 관람가,2009-07-29,57570773000,8035181,570,131671,한국,한국,(주)쇼박스,20090307,0
국제시장,드라마,126,12세 이상 관람가,2014-12-17,110933981730,14262198,1044,212668,한국,한국,씨제이이앤엠(주),20137048,0
군도: 민란의 시대,"사극,액션",137,15세 이상 관람가,2014-07-23,36988022499,4774931,1394,67237,한국,한국,(주)쇼박스,20123501,0
굿 다이노,"애니메이션,어드벤처,코미디",100,전체 관람가,2016-01-07,9756167238,1328913,814,33127,미국,미국,월트디즈니컴퍼니코리아(주),20155422,0
굿모닝 프레지던트,"코미디,드라마",132,전체 관람가,2009-10-22,18567863300,2554960,586,69955,한국,한국,씨제이엔터테인먼트,20090605,0
굿바이 싱글,"코미디,드라마",120,15세 이상 관람가,2016-06-29,16912706195,2108273,841,56380,한국,한국,(주)쇼박스,20150972,0
궁녀,"미스터리,스릴러",118,청소년 관람불가,2007-10-18,9038167500,1358883,368,42096,한국,한국,(주)시네마서비스,20070497,0
권순분여사 납치사건,코미디,120,15세 이상 관람가,2007-09-12,9807862000,1514708,397,46725,한국,한국,(주)시네마서비스,20070421,0
귀신이 산다,"코미디,공포(호러),판타지",123,12세 이상 관람가,2004-09-17,11898748500,1875936,174,27936,한국,한국,(주)시네마서비스,20040649,0
귀향,드라마,127,15세 이상 관람가,2016-02-24,27249738990,3587173,876,90286,한국,한국,(주)와우픽쳐스,20161364,0
그 여자 작사 그 남자 작곡,"멜로/로맨스,드라마",103,12세 이상 관람가,2007-02-28,6759412500,1063950,153,28830,미국,미국,워너브러더스 코리아(주),20070034,0
그놈 목소리,"드라마,스릴러",122,12세 이상 관람가,2007-02-01,17598617600,2972299,498,48673,한국,한국,씨제이엔터테인먼트,20070015,0
그놈이다,스릴러,109,15세 이상 관람가,2015-10-28,8096427152,1046015,681,38678,한국,한국,CGV아트하우스,20157465,0
그는 당신에게 반하지 않았다,"멜로/로맨스,코미디",129,15세 이상 관람가,2009-02-12,6375549000,935168,354,27237,미국,미국,(주)넥스트엔터테인먼트월드(NEW),20090012,0
그대를 사랑합니다,드라마,118,15세 이상 관람가,2011-02-17,12041827000,1645505,292,57869,한국,한국,(주)넥스트엔터테인먼트월드(NEW),20119337,0
그때 그 사람들,"미스터리,코미디",104,12세 이상 관람가,2005-02-03,5777895500,890601,140,16471,한국,한국,(주)엠케이픽처스,20050007,0
그래비티,"SF,드라마",91,12세 이상 관람가,2013-10-17,31214018600,3194693,636,80584,미국,미국,워너브러더스 코리아(주),20139221,0
그림자 살인,"미스터리,스릴러,사극,범죄",111,15세 이상 관람가,2009-04-02,12659065000,1892467,387,54046,한국,한국,씨제이엔터테인먼트,20090156,0
극락도 살인사건,"공포(호러),미스터리,스릴러",112,15세 이상 관람가,2007-04-12,13328932000,2079989,368,54098,한국,한국,"(주)엠케이픽처스 ,(주)두엔터테인먼트",20070104,0
극비수사,"드라마,범죄",107,15세 이상 관람가,2015-06-18,22389535897,2860786,894,66211,한국,한국,(주)쇼박스,20148855,0
글러브,드라마,144,전체 관람가,2011-01-20,13756104000,1887731,605,44725,한국,한국,씨제이엔터테인먼트,20102416,0
기술자들,"범죄,액션",116,15세 이상 관람가,2014-12-24,13652480148,1778083,641,24416,한국,한국,롯데쇼핑㈜롯데엔터테인먼트,20149265,0
김관장 대 김관장 대 김관장,코미디,103,15세 이상 관람가,2007-02-08,5575404600,925661,355,27825,한국,한국,(주)쇼박스,20070021,0
김종욱 찾기,"멜로/로맨스,드라마",112,12세 이상 관람가,2010-12-08,7894328000,1081748,427,31167,한국,"한국,인도",씨제이엔터테인먼트,20101200,0
깡철이,"드라마,액션,가족",108,15세 이상 관람가,2013-10-02,8572344462,1209363,707,43102,한국,한국,씨제이이앤엠(주),20123381,0
꽃피는 봄이 오면,드라마,128,12세 이상 관람가,2004-09-23,3201626000,497689,117,11734,한국,한국,영화사청어람(주),20040651,0
꿀벌대소동,"가족,애니메이션,어드벤처,코미디",88,전체 관람가,2008-01-03,7372006000,1236167,271,27705,미국,미국,씨제이엔터테인먼트,20070563,0
끝까지 간다,"액션,스릴러,범죄",111,15세 이상 관람가,2014-05-29,27007303900,3450305,645,84875,한국,한국,(주)쇼박스,20130442,0
나는 전설이다,"SF,드라마,액션",97,12세 이상 관람가,2007-12-12,15166253000,2322318,447,37992,미국,미국,워너브러더스 코리아(주),20070550,0
"나니아 연대기-사자,마녀 그리고 옷장","가족,어드벤처,판타지",139,전체 관람가,2005-12-29,9409604700,1546914,261,23325,미국,미국,브에나비스타인터내셔널코리아,20050338,0
나니아 연대기: 새벽 출정호의 항해,"판타지,가족,어드벤처",112,전체 관람가,2010-12-08,10889884000,1140201,493,32481,미국,미국,이십세기폭스코리아(주),20101213,0
나니아 연대기:캐스피언 왕자,"어드벤처,가족,판타지",145,전체 관람가,2008-05-15,9236619000,1468903,604,43010,미국,"미국,영국",한국소니픽쳐스릴리징브에나비스타영화㈜,20080479,0
나를 찾아줘,스릴러,149,청소년 관람불가,2014-10-23,14017716731,1764233,689,50846,미국,미국,이십세기폭스코리아(주),20140425,0
나비효과,드라마,113,15세 이상 관람가,2004-11-17,6259548500,957116,108,16973,미국,미국,(주)쇼박스,20040700,0
나우 유 씨 미 : 마술사기단,"범죄,액션,스릴러",115,12세 이상 관람가,2013-08-22,19146691869,2718227,691,54658,미국,미국,롯데쇼핑㈜롯데엔터테인먼트,20138881,0
나우 유 씨 미 2,"범죄,액션",129,12세 이상 관람가,2016-07-13,25116690113,3100113,1200,56981,미국,미국,롯데쇼핑㈜롯데엔터테인먼트,20150203,0
나의 PS 파트너,"멜로/로맨스,코미디",114,청소년 관람불가,2012-12-06,13548606616,1786831,552,37625,한국,한국,씨제이이앤엠(주),20124936,0
나의 사랑 나의 신부,"멜로/로맨스,코미디",111,15세 이상 관람가,2014-10-08,16636404305,2141155,629,69681,한국,한국,씨네그루(주)다우기술,20147930,0
나잇&데이,"액션,코미디",109,15세 이상 관람가,2010-06-24,16777869600,2243484,494,54797,미국,미국,이십세기폭스코리아(주),20100310,0
남극일기,스릴러,114,12세 이상 관람가,2005-05-19,5478113500,871235,244,18655,한국,한국,(주)쇼박스,20050046,0
남자가 사랑할 때,"멜로/로맨스,드라마",120,15세 이상 관람가,2014-01-22,14510222300,1979311,531,41123,한국,한국,(주)넥스트엔터테인먼트월드(NEW),20137043,0
내 남자의 로맨스,드라마,112,12세 이상 관람가,2004-07-16,4895975500,765720,102,9658,한국,한국,씨제이엔터테인먼트,20040585,0
내 머리 속의 지우개,멜로/로맨스,117,12세 이상 관람가,2004-11-05,11919939500,1885827,206,29532,한국,한국,씨제이엔터테인먼트,20040673,0
내 사랑 내 곁에,"드라마,멜로/로맨스",121,12세 이상 관람가,2009-09-24,15584755500,2135509,478,65168,한국,한국,씨제이엔터테인먼트,20090329,0
내 생애 가장 아름다운 일주일,멜로/로맨스,129,12세 이상 관람가,2005-10-07,14710541000,2290709,296,41056,한국,한국,씨제이엔터테인먼트,20050232,0
내 아내의 모든 것,"코미디,멜로/로맨스",121,15세 이상 관람가,2012-05-17,34223620500,4598821,563,91773,한국,한국,(주)넥스트엔터테인먼트월드(NEW),20113554,0
내 여자친구를 소개합니다,"멜로/로맨스,드라마",118,12세 이상 관람가,2004-06-03,8329341500,1298666,185,19289,한국,한국,"씨제이엔터테인먼트,아이러브시네마",20040568,0
내가 살인범이다,"액션,스릴러",119,청소년 관람불가,2012-11-08,20392266000,2729798,547,58409,한국,한국,(주)쇼박스,20124075,0
내부자들,"범죄,드라마",130,청소년 관람불가,2015-11-19,56465665657,7055332,1129,152265,한국,한국,(주)쇼박스,20149314,0
내부자들: 디 오리지널,"범죄,드라마",181,청소년 관람불가,2015-12-31,15742927260,1924720,838,45697,한국,한국,(주)쇼박스,20150025,0
내셔널 트레져,액션,130,12세 이상 관람가,2004-12-31,6615977000,1029385,145,15222,미국,미국,한국소니픽쳐스릴리징브에나비스타영화㈜,20040755,0
내셔널 트레져:비밀의 책,"액션,어드벤처",124,12세 이상 관람가,2007-12-19,7773860000,1201673,365,20490,미국,미국,한국소니픽쳐스릴리징브에나비스타영화㈜,20070549,0
너는 내 운명,멜로/로맨스,121,15세 이상 관람가,2005-09-23,17653752500,2701230,306,46667,한국,한국,씨제이엔터테인먼트,20050239,0
너의 이름은.,"애니메이션,드라마,멜로/로맨스",106,12세 이상 관람가,2017-01-04,29387215856,3651886,947,81027,일본,일본,메가박스(주)플러스엠,20161872,0
노아,"어드벤처,드라마,판타지",140,15세 이상 관람가,2014-03-20,15514373500,2026594,952,56722,미국,미국,씨제이이앤엠(주),20133602,0
노잉,"SF,액션,미스터리,드라마",121,12세 이상 관람가,2009-04-16,6873827000,1047062,394,31259,미국,미국,(주)넥스트엔터테인먼트월드(NEW),20090206,0
논스톱,액션,106,15세 이상 관람가,2014-02-27,16066549940,2084482,582,58217,미국,"미국,프랑스",(주)넥스트엔터테인먼트월드(NEW),20147299,0
누구나 비밀은 있다,"코미디,멜로/로맨스",105,15세 이상 관람가,2004-07-30,3529353500,542955,88,7650,한국,한국,(주)시네마서비스,20040624,0
눈에는 눈 이에는 이,"범죄,스릴러,액션",101,15세 이상 관람가,2008-07-31,13410811500,2058616,445,46474,한국,한국,롯데쇼핑㈜롯데엔터테인먼트,20080968,0
뉴 문,"판타지,드라마,멜로/로맨스",130,12세 이상 관람가,2009-12-02,13851280000,1930895,545,46508,미국,미국,(주)넥스트엔터테인먼트월드(NEW),20090828,0
늑대소년,"멜로/로맨스,드라마,판타지",124,15세 이상 관람가,2012-10-31,46590107000,6654390,854,109069,한국,한국,씨제이이앤엠(주),20124054,0
늑대의 유혹,드라마,113,12세 이상 관람가,2004-07-22,8025959500,1297296,123,12777,한국,한국,(주)쇼박스,20040576,0
닌자 어쌔신,"액션,드라마,범죄",98,청소년 관람불가,2009-11-26,10120033000,1329403,308,36980,미국,미국,워너브러더스 코리아(주),20090678,0
"님아, 그 강을 건너지 마오",다큐멘터리,86,전체 관람가,2014-11-27,29845829479,3846378,806,67170,한국,한국,"CGV아트하우스,(주)대명문화공장",20141111,0
님은 먼 곳에,"드라마,전쟁",126,15세 이상 관람가,2008-07-24,11205439000,1706037,499,36555,한국,"한국,태국",(주)쇼박스,20080764,0
다빈치 코드,"미스터리,스릴러",147,12세 이상 관람가,2006-05-18,18873057800,3022936,514,42856,미국,미국,소니픽쳐스릴리징코리아,20060117,0
다이 하드 4 : 죽어도 산다,액션,128,12세 이상 관람가,2007-07-17,20622308900,3176937,528,47011,미국,미국,이십세기폭스필름코퍼레이션,20070060,0
다이하드: 굿 데이 투 다이,"액션,범죄,스릴러",96,15세 이상 관람가,2013-02-06,10825703000,1438056,459,33055,미국,미국,이십세기폭스코리아(주),20123387,0
다크 나이트,"범죄,드라마,액션,미스터리",152,15세 이상 관람가,2008-08-06,26878184500,4060490,462,63561,미국,미국,워너브러더스 코리아(주),20081056,0
다크 나이트 라이즈,"액션,범죄,스릴러",164,15세 이상 관람가,2012-07-19,47644838000,6396528,1210,81254,미국,"미국,영국",워너브러더스 코리아(주),20112703,0
닥터 스트레인지,"액션,어드벤처,판타지",115,12세 이상 관람가,2016-10-26,47481830396,5446239,1503,162856,미국,미국,월트디즈니컴퍼니코리아(주),20163181,0
"달마야, 서울 가자",코미디,101,12세 이상 관람가,2004-07-09,4469579500,703507,128,10918,한국,한국,(주)시네마서비스,20040595,0
"달콤, 살벌한 연인","스릴러,멜로/로맨스",110,15세 이상 관람가,2006-04-06,13426707100,2077590,246,38034,한국,한국,씨제이엔터테인먼트,20060068,0
달콤한 인생,액션,120,15세 이상 관람가,2005-04-01,7230710500,1112277,265,30655,한국,한국,씨제이엔터테인먼트,20050017,0
"당신, 거기 있어줄래요","판타지,드라마",111,12세 이상 관람가,2016-12-14,8999085248,1124815,767,39181,한국,한국,롯데쇼핑㈜롯데엔터테인먼트,20152371,0
대호,사극,139,12세 이상 관람가,2015-12-16,12104808332,1584168,892,39599,한국,한국,(주)넥스트엔터테인먼트월드(NEW),20145171,0
댄서의 순정,드라마,110,12세 이상 관람가,2005-04-28,11674131000,1856759,240,36482,한국,한국,쇼이스트(주),20050077,0
댄싱퀸,"코미디,드라마",124,12세 이상 관람가,2012-01-18,30130775500,4058225,544,80987,한국,한국,씨제이이앤엠(주),20113743,0
더 게임,스릴러,116,15세 이상 관람가,2008-01-30,9807963501,1479859,338,31877,한국,한국,프라임 엔터테인먼트,20071675,0
더 웹툰: 예고살인,"공포(호러),스릴러",104,15세 이상 관람가,2013-06-27,8537683070,1201457,541,35931,한국,한국,씨제이이앤엠(주),20129114,0
더 킹,"범죄,드라마",134,15세 이상 관람가,2017-01-18,43484363535,5316015,1310,107955,한국,한국,(주)넥스트엔터테인먼트월드(NEW),20151229,0
더 테러 라이브,"범죄,기타",98,15세 이상 관람가,2013-07-31,39869706381,5584139,809,93488,한국,한국,롯데쇼핑㈜롯데엔터테인먼트,20136052,0
더 폰,"스릴러,액션",114,15세 이상 관람가,2015-10-22,12309164568,1593694,794,53599,한국,한국,(주)넥스트엔터테인먼트월드(NEW),20157464,0
덕혜옹주,"사극,드라마",127,12세 이상 관람가,2016-08-03,44393828109,5599229,964,97312,한국,한국,롯데쇼핑㈜롯데엔터테인먼트,20150979,0
데드풀,"액션,SF",108,청소년 관람불가,2016-02-17,27595618651,3317196,1036,82521,미국,미국,이십세기폭스코리아(주),20153781,0
데이지,멜로/로맨스,110,12세 이상 관람가,2006-03-09,5754065300,911420,299,23767,한국,"한국,네덜란드,홍콩",(주)쇼박스,20050350,0
도가니,드라마,125,청소년 관람불가,2011-09-22,35566854800,4662822,756,88337,한국,한국,씨제이이앤엠(주),20112534,0
도둑들,"액션,범죄",135,15세 이상 관람가,2012-07-25,93664808500,12983178,1091,155392,한국,"한국,홍콩",(주)쇼박스,20124034,0
도리를 찾아서,"애니메이션,어드벤처,코미디",103,전체 관람가,2016-07-06,20703899933,2601734,1091,55110,미국,미국,월트디즈니컴퍼니코리아(주),20159058,0
돈 텔 파파,코미디,102,12세 이상 관람가,2004-09-03,3481025000,558745,81,10664,한국,한국,씨제이엔터테인먼트,20040659,0
돈의 맛,드라마,115,청소년 관람불가,2012-05-17,8780178611,1166018,643,36922,한국,"한국,필리핀","(주)시너지하우스 (시너지),롯데쇼핑㈜롯데엔터테인먼트",20124064,0
동주,드라마,111,12세 이상 관람가,2016-02-17,8889077089,1172641,543,39958,한국,한국,메가박스(주)플러스엠,20158482,0
두근두근 내 인생,드라마,117,12세 이상 관람가,2014-09-03,12291081634,1624601,629,40158,한국,한국,씨제이이앤엠(주),20134594,0
드라큘라: 전설의 시작,"판타지,액션",92,15세 이상 관람가,2014-10-08,10607703908,1321751,477,46483,미국,미국,유니버설픽쳐스인터내셔널 코리아(유),20141261,0
드래곤 길들이기,"애니메이션,코미디,어드벤처,가족",98,전체 관람가,2010-05-20,27040606000,2562412,563,57264,미국,미국,씨제이엔터테인먼트,20100190,0
드래곤 길들이기 2,"애니메이션,액션,어드벤처",102,전체 관람가,2014-07-23,23979935189,3000056,829,51924,미국,미국,씨제이이앤엠(주),20131248,0
디스트릭트 9,"SF,액션,스릴러,드라마,코미디",112,청소년 관람불가,2009-10-15,6420372500,841125,316,33794,미국,"미국,뉴질랜드",한국소니픽쳐스릴리징브에나비스타영화㈜,20090579,0
디워,"액션,판타지",90,12세 이상 관람가,2007-08-01,49339934700,7855441,622,96434,한국,한국,(주)쇼박스,20070316,0
라디오 스타,드라마,115,12세 이상 관람가,2006-09-28,9860721500,1590666,244,38926,한국,한국,(주)시네마서비스,20060284,0
라따뚜이,"애니메이션,드라마,코미디,가족",115,전체 관람가,2007-07-25,6342436400,1025205,261,18365,미국,미국,한국소니픽쳐스릴리징브에나비스타영화㈜,20070264,0
라라랜드,"드라마,뮤지컬,멜로/로맨스",128,12세 이상 관람가,2016-12-07,19996139232,2385108,727,56408,미국,미국,판씨네마(주),20167904,0
라스트 갓파더,코미디,103,12세 이상 관람가,2010-12-29,14558299500,1998059,547,38175,한국,"한국,미국",씨제이엔터테인먼트,20101209,0
라스트 에어벤더,"액션,가족,판타지,어드벤처",103,전체 관람가,2010-08-19,13854892500,1371164,399,32416,미국,미국,씨제이엔터테인먼트,20100767,0
라이트 아웃,공포(호러),81,15세 이상 관람가,2016-08-24,8893059975,1111284,659,34444,미국,미국,워너브러더스 코리아(주),20163217,0
라이프 오브 파이,"어드벤처,드라마",126,전체 관람가,2013-01-01,15812506500,1588373,392,32722,미국,미국,이십세기폭스코리아(주),20128386,0
라푼젤,"애니메이션,코미디,멜로/로맨스,가족",100,전체 관람가,2011-02-10,10161464800,1011163,328,22107,미국,미국,한국소니픽쳐스릴리징브에나비스타영화㈜,20101395,0
러브픽션,"멜로/로맨스,코미디",121,15세 이상 관람가,2012-02-29,13200412500,1726202,617,44130,한국,한국,(주)넥스트엔터테인먼트월드(NEW),20113916,0
럭키,코미디,112,15세 이상 관람가,2016-10-13,56444461256,6975290,1234,155977,한국,한국,(주)쇼박스,20153444,0
런닝맨,"액션,코미디",127,15세 이상 관람가,2013-04-04,10060239500,1422844,567,45995,한국,"한국,미국",이십세기폭스코리아(주),20126671,0
레드: 더 레전드,"액션,코미디,범죄",115,15세 이상 관람가,2013-07-18,21511371970,3004649,739,55733,미국,미국,롯데쇼핑㈜롯데엔터테인먼트,20136962,0
레미제라블,드라마,158,12세 이상 관람가,2012-12-19,43086739000,5920520,696,82593,미국,미국,유니버설픽쳐스인터내셔널 코리아(유),20128274,0
레버넌트: 죽음에서 돌아온 자,"어드벤처,드라마",156,15세 이상 관람가,2016-01-14,16107360130,2007188,967,55063,미국,미국,이십세기폭스코리아(주),20154001,0
레지던트 이블 4: 끝나지 않은 전쟁 3D,"공포(호러),스릴러,액션",96,청소년 관람불가,2010-09-16,14533948000,1190008,337,37849,독일,"독일,미국,영국",한국소니픽쳐스릴리징브에나비스타영화㈜,20100811,0
령,공포(호러),98,12세 이상 관람가,2004-06-17,3554937000,558807,74,8781,한국,한국,(주)쇼박스,20040571,0
로맨틱 홀리데이,"코미디,멜로/로맨스",135,15세 이상 관람가,2006-12-14,6377839500,1017603,249,18292,미국,미국,UIP코리아,20060348,0
로빈 후드,"액션,드라마,사극",140,15세 이상 관람가,2010-05-13,11560588500,1570681,544,41953,미국,미국,유니버설픽쳐스인터내셔널 코리아(유),20090951,0
루시,액션,89,청소년 관람불가,2014-09-03,16468076039,1974893,641,44585,미국,"미국,프랑스",유니버설픽쳐스인터내셔널 코리아(유),20135656,0
리얼 스틸,"액션,드라마,SF",127,12세 이상 관람가,2011-10-12,26566677000,3579666,603,87650,미국,미국,한국소니픽쳐스릴리징브에나비스타영화㈜,20112173,0
마다가스카,"애니메이션,코미디,어드벤처",86,전체 관람가,2005-07-14,8655327500,1391221,298,30109,미국,미국,씨제이엔터테인먼트,20050140,0
마다가스카 2,"애니메이션,어드벤처,가족,액션",89,전체 관람가,2009-01-08,7541491500,1230469,381,34346,미국,미국,씨제이엔터테인먼트,20081791,0
마다가스카3 : 이번엔 서커스다!,"애니메이션,어드벤처,코미디",93,전체 관람가,2012-06-06,12521043500,1629799,564,34150,미국,미국,씨제이이앤엠(주),20124136,0
마다가스카의 펭귄,"애니메이션,코미디,어드벤처,가족",92,전체 관람가,2014-12-31,11450482159,1512340,615,27171,미국,미국,씨제이이앤엠(주),20149859,0
마당을 나온 암탉,애니메이션,93,전체 관람가,2011-07-28,14668226000,2201273,363,39224,한국,한국,롯데쇼핑㈜롯데엔터테인먼트,20110279,0
마더,드라마,128,청소년 관람불가,2009-05-28,19967362500,2979213,642,71401,한국,한국,씨제이엔터테인먼트,20090248,0
마루 밑 아리에티,애니메이션,94,전체 관람가,2010-09-09,7649985500,1065967,337,29804,일본,일본,씨제이엔터테인먼트,20100810,0
마린보이,"액션,스릴러,범죄",118,15세 이상 관람가,2009-02-05,5503176500,827647,340,26345,한국,한국,씨제이엔터테인먼트,20080870,0
마션,"액션,어드벤처,SF",142,12세 이상 관람가,2015-10-08,39663145295,4880800,1132,114183,미국,미국,이십세기폭스코리아(주),20151383,0
마스터,"액션,범죄",143,15세 이상 관람가,2016-12-21,39784641065,4935320,1501,70786,한국,한국,씨제이이앤엠(주),20161725,0
마음이...,드라마,97,전체 관람가,2006-10-26,4639479300,817893,239,24140,한국,한국,(주)쇼박스,20060279,0
마이 웨이,"전쟁,액션,드라마",137,15세 이상 관람가,2011-12-21,11813839000,1586042,645,29481,한국,한국,"에스케이플래닛(주),씨제이이앤엠(주)",20110295,0
마이 파더,"드라마,가족",105,15세 이상 관람가,2007-09-06,5641848000,901055,342,31444,한국,한국,롯데쇼핑㈜롯데엔터테인먼트,20070381,0
마이펫의 이중생활,"애니메이션,코미디,가족",91,전체 관람가,2016-08-03,19406436655,2520670,726,39653,미국,미국,유니버설픽쳐스인터내셔널 코리아(유),20156082,0
마파도,코미디,107,12세 이상 관람가,2005-03-10,16751202503,2636857,178,49473,한국,한국,씨제이엔터테인먼트,20040778,0
마파도2,코미디,129,12세 이상 관람가,2007-01-18,8362778700,1407141,340,30784,한국,한국,씨제이엔터테인먼트,20060407,0
만남의 광장,코미디,107,12세 이상 관람가,2007-08-15,7819284000,1211528,256,28301,한국,한국,(주)쇼박스,20070089,0
만추,멜로/로맨스,113,15세 이상 관람가,2011-02-17,6313817000,845845,444,25590,한국,"한국,미국,홍콩",씨제이엔터테인먼트,19820019,0
말레피센트,"액션,어드벤처,드라마",97,12세 이상 관람가,2014-05-29,10776965900,1397526,554,38894,미국,미국,소니픽쳐스릴리징월트디즈니스튜디오스코리아(주),20148383,0
말아톤,드라마,117,전체 관람가,2005-01-27,26284943000,4196840,238,59493,한국,한국,(주)쇼박스,20040785,0
말죽거리 잔혹사,"액션,멜로/로맨스",115,12세 이상 관람가,2004-01-16,3837152000,604969,40,5513,한국,한국,씨제이엔터테인먼트,20030433,0
맘마미아!,"멜로/로맨스,뮤지컬",108,12세 이상 관람가,2008-09-03,29571255750,4552475,451,111024,미국,미국,유니버설픽쳐스인터내셔널 코리아(유),20081169,0
매드 맥스: 분노의 도로,"액션,어드벤처,스릴러",120,15세 이상 관람가,2015-05-14,32912842162,3843343,799,98824,미국,"미국,호주",워너브러더스 코리아(주),20144741,0
맨 오브 스틸,SF,142,12세 이상 관람가,2013-06-13,17092964063,2182227,998,55514,미국,미국,워너브러더스 코리아(주),20137961,0
맨 인 블랙 3,"액션,코미디,SF",106,12세 이상 관람가,2012-05-24,27301520070,3379762,770,69538,미국,미국,한국소니픽쳐스릴리징브에나비스타영화㈜,20113885,0
맨발의 기봉이,"드라마,코미디,가족",100,전체 관람가,2006-04-26,12239242400,2005180,271,39975,한국,한국,(주)쇼박스,20060005,0
메가마인드,애니메이션,95,전체 관람가,2011-01-13,8688842000,875631,414,22905,미국,미국,씨제이엔터테인먼트,20102421,0
메리다와 마법의 숲,애니메이션,102,전체 관람가,2012-09-27,9024766000,1231024,479,22087,미국,미국,한국소니픽쳐스릴리징브에나비스타영화㈜,20127634,0
메이즈 러너,"액션,미스터리,SF,스릴러",113,12세 이상 관람가,2014-09-18,21489367677,2812427,655,71048,미국,미국,이십세기폭스코리아(주),20140431,0
메이즈 러너: 스코치 트라이얼,"액션,SF,스릴러",132,12세 이상 관람가,2015-09-16,21596946349,2744413,804,58725,미국,미국,이십세기폭스코리아(주),20150622,0
명량,"사극,액션",128,15세 이상 관람가,2014-07-30,135748398910,17613682,1587,188611,한국,한국,씨제이이앤엠(주),20129370,0
모범시민,"스릴러,드라마,범죄,액션",107,15세 이상 관람가,2009-12-10,5854620000,796799,312,24341,미국,미국,(주)시너지하우스 (시너지),20090826,0
몬스터 하우스,"공포(호러),코미디,애니메이션",90,전체 관람가,2006-08-10,6554794000,1051552,192,17501,미국,미국,소니픽쳐스릴리징코리아,20060197,0
몬스터 호텔 2,애니메이션,89,전체 관람가,2015-12-24,7029012585,962770,686,12388,미국,미국,유니버설픽쳐스인터내셔널 코리아(유),20154242,0
못말리는 결혼,코미디,116,15세 이상 관람가,2007-05-10,7712339500,1188326,299,34518,한국,한국,롯데쇼핑㈜롯데엔터테인먼트,20070151,0
몽정기2,코미디,101,12세 이상 관람가,2005-01-14,5110555000,813164,147,15130,한국,한국,롯데쇼핑㈜롯데엔터테인먼트,20040774,0
몽타주,스릴러,119,15세 이상 관람가,2013-05-16,15002458500,2095592,544,53195,한국,한국,(주)넥스트엔터테인먼트월드(NEW),20122784,0
무극,"멜로/로맨스,액션,판타지",101,12세 이상 관람가,2006-01-26,4308635500,685561,190,15084,중국,중국,쇼이스트(주),20050359,0
무방비도시,"범죄,액션",112,15세 이상 관람가,2008-01-10,10591149500,1600856,336,38306,한국,한국,씨제이엔터테인먼트,20071064,0
무적자,"드라마,액션",124,15세 이상 관람가,2010-09-16,11629780500,1546132,412,46186,한국,"한국,홍콩,일본,태국",씨제이엔터테인먼트,20100833,0
뮌헨,"스릴러,드라마,범죄",163,12세 이상 관람가,2006-02-10,4861581300,763078,164,13142,미국,미국,씨제이엔터테인먼트,20060016,0
미녀는 괴로워,"멜로/로맨스,코미디",120,12세 이상 관람가,2006-12-14,36292848900,6081480,418,87141,한국,한국,(주)쇼박스,20060387,0
미녀와 야수,"멜로/로맨스,판타지,뮤지컬",129,전체 관람가,2017-03-16,41986743179,5119852,1627,139909,미국,미국,월트디즈니컴퍼니코리아 유한책임회사,20164721,0
미니언즈,애니메이션,91,전체 관람가,2015-07-29,18998046278,2625599,792,41946,미국,미국,유니버설픽쳐스인터내셔널 코리아(유),20145361,0
미션 임파서블: 로그네이션,"액션,스릴러,어드벤처",131,15세 이상 관람가,2015-07-30,48547353607,6126488,1202,89683,미국,미국,롯데쇼핑㈜롯데엔터테인먼트,20157881,0
미션 임파서블 3,액션,124,12세 이상 관람가,2006-05-03,32154883400,5127003,441,72573,미국,미국,UIP코리아,20060107,0
미션임파서블:고스트프로토콜,액션,132,15세 이상 관람가,2011-12-15,57302548500,7508976,1024,114771,미국,미국,씨제이이앤엠(주),20112207,0
미스 페레그린과 이상한 아이들의 집,"미스터리,판타지",127,12세 이상 관람가,2016-09-28,21841214586,2718158,904,70451,미국,"미국,벨기에,영국",이십세기폭스코리아(주),20164501,0
미스터 & 미세스 스미스,"멜로/로맨스,액션,어드벤처,스릴러",120,12세 이상 관람가,2005-06-16,18900071500,2963193,302,45087,미국,미국,이십세기폭스필름코퍼레이션,20050113,0
미스터 고,"코미디,드라마",132,12세 이상 관람가,2013-07-17,9337976000,1328888,840,38263,한국,"한국,중국",(주)쇼박스,20124082,0
미스터 소크라테스,액션,109,15세 이상 관람가,2005-11-10,6765653000,1066103,205,22921,한국,한국,롯데쇼핑㈜롯데엔터테인먼트,20050280,0
미쓰 와이프,코미디,125,15세 이상 관람가,2015-08-13,7387086869,988451,437,28864,한국,한국,메가박스(주)플러스엠,20143513,0
미씽: 사라진 여자,미스터리,100,15세 이상 관람가,2016-11-30,8881616256,1153109,790,40617,한국,한국,메가박스(주)플러스엠,20153741,0
미이라 3:황제의 무덤,"액션,어드벤처,판타지",111,12세 이상 관람가,2008-07-30,26217311000,4090885,634,64779,미국,미국,유니버설픽쳐스인터내셔널 코리아(유),20080996,0
미인도,"사극,드라마,멜로/로맨스",108,청소년 관람불가,2008-11-13,15652272500,2341521,450,69444,한국,한국,씨제이엔터테인먼트,20081611,0
밀양,드라마,141,15세 이상 관람가,2007-05-23,10266199000,1603799,305,41425,한국,한국,(주)시네마서비스,20070115,0
밀정,액션,140,15세 이상 관람가,2016-09-07,61269783831,7500420,1444,138161,한국,한국,워너브러더스 코리아(주),20159646,0
바람과 함께 사라지다,"코미디,사극",121,12세 이상 관람가,2012-08-08,34614661161,4909937,694,78591,한국,한국,(주)넥스트엔터테인먼트월드(NEW),20124067,0
바람의 파이터,액션,120,12세 이상 관람가,2004-08-12,9158945500,1442299,110,15895,한국,한국,영화사청어람(주),20040596,0
바람피기 좋은 날,"드라마,멜로/로맨스,코미디",103,청소년 관람불가,2007-02-08,10738188900,1708973,372,39986,한국,한국,(주)시네마서비스,20060421,0
바르게 살자,"코미디,드라마",102,15세 이상 관람가,2007-10-18,13944930000,2135606,372,55993,한국,한국,씨제이엔터테인먼트,20070434,0
바보,드라마,99,12세 이상 관람가,2008-02-28,6306816500,967654,264,33564,한국,한국,씨제이엔터테인먼트,20072151,0
박물관이 살아있다!,"코미디,어드벤처",108,전체 관람가,2006-12-21,24401542200,4245247,345,56526,미국,미국,이십세기폭스코리아(주),20060319,0
박물관이 살아있다 : 비밀의 무덤,"어드벤처,코미디,가족",98,전체 관람가,2015-01-14,8170784606,1101678,500,30146,미국,"미국,영국",이십세기폭스코리아(주),20143541,0
박물관이 살아있다 2,"어드벤처,코미디,액션",104,전체 관람가,2009-06-04,12399745500,1972440,569,53628,미국,미국,이십세기폭스코리아(주),20090282,0
박수건달,코미디,128,15세 이상 관람가,2013-01-09,28343986569,3893216,603,60585,한국,한국,(주)쇼박스,20124935,0
박수칠 때 떠나라,"드라마,코미디,미스터리",115,12세 이상 관람가,2005-08-11,13181626500,2073641,237,32149,한국,한국,(주)시네마서비스,20050178,0
박쥐,"공포(호러),드라마",133,청소년 관람불가,2009-04-30,14835490500,2205600,499,45395,한국,"한국,미국,호주",씨제이엔터테인먼트,20081003,0
반 헬싱,액션,125,12세 이상 관람가,2004-07-30,5586373000,872828,98,9790,미국,미국,(주)스튜디오이쩜영,20040580,0
반창꼬,멜로/로맨스,120,15세 이상 관람가,2012-12-19,12459852719,1730535,466,26039,한국,한국,(주)넥스트엔터테인먼트월드(NEW),20124399,0
방가? 방가!,"코미디,드라마",110,12세 이상 관람가,2010-09-30,7013842000,972431,312,41556,한국,한국,(주)시너지하우스 (시너지),20100835,0
방과후 옥상,코미디,103,12세 이상 관람가,2006-03-16,4817252500,773042,173,20063,한국,한국,(주)시네마서비스,20060046,0
방자전,"사극,코미디,멜로/로맨스",124,청소년 관람불가,2010-06-02,22490024000,2985483,495,67562,한국,한국,씨제이엔터테인먼트,20090927,0
방황하는 칼날,"범죄,스릴러",122,청소년 관람불가,2014-04-10,7828891800,989906,594,38850,한국,한국,씨제이이앤엠(주),20129787,0
배트맨 대 슈퍼맨: 저스티스의 시작,"액션,어드벤처,판타지",151,12세 이상 관람가,2016-03-24,18906246428,2256913,1709,95669,미국,미국,워너브러더스 코리아(주),20152781,0
배트맨 비긴즈,"범죄,액션,판타지",134,12세 이상 관람가,2005-06-24,5552226000,869244,228,20099,미국,미국,워너브러더스 코리아(주),20050112,0
배틀쉽,"SF,액션",131,12세 이상 관람가,2012-04-11,16545921500,2241687,736,53109,미국,미국,유니버설픽쳐스인터내셔널 코리아(유),20112134,0
백야행,"멜로/로맨스,미스터리,범죄,스릴러",135,청소년 관람불가,2009-11-19,7120680000,949770,387,30346,한국,한국,(주)시네마서비스,20090305,0
밴티지 포인트,"스릴러,드라마,액션",90,15세 이상 관람가,2008-02-28,6679552000,1007729,289,35545,미국,미국,한국소니픽쳐스릴리징브에나비스타영화㈜,20080032,0
범죄와의 전쟁: 나쁜놈들 전성시대,"범죄,드라마",133,청소년 관람불가,2012-02-02,36538823500,4719872,713,91889,한국,한국,(주)쇼박스,20113557,0
범죄의 재구성,스릴러,116,15세 이상 관람가,2004-04-15,6132904000,942198,73,11397,한국,한국,(주)쇼박스,20040487,0
베를린,액션,120,15세 이상 관람가,2013-01-30,52355568637,7166290,894,111744,한국,한국,씨제이이앤엠(주),20124083,0
베스트셀러,"미스터리,스릴러,드라마",117,15세 이상 관람가,2010-04-15,7983184500,1081752,308,41064,한국,한국,(주)시너지하우스 (시너지),20100131,0
베오울프,"애니메이션,드라마,어드벤처,판타지",113,15세 이상 관람가,2007-11-14,6791108000,968535,326,29514,미국,미국,워너브러더스 코리아(주),20070521,0
베테랑,"액션,드라마",124,15세 이상 관람가,2015-08-05,105168155250,13414009,1115,199231,한국,한국,씨제이이앤엠(주),20148048,0
벤자민 버튼의 시간은 거꾸로 간다,"드라마,판타지",166,12세 이상 관람가,2009-02-12,11427379500,1739997,313,39750,미국,미국,워너브러더스 코리아(주),20090024,0
벤허,"어드벤처,드라마",123,12세 이상 관람가,2016-09-14,11410860395,1400301,717,38941,미국,미국,롯데쇼핑㈜롯데엔터테인먼트,20167839,0
벼랑 위의 포뇨,"애니메이션,어드벤처,판타지",100,전체 관람가,2008-12-17,7056476500,1117846,380,24432,일본,일본,(주)쇼박스,20081686,0
변호인,드라마,127,15세 이상 관람가,2013-12-18,82872254800,11374859,925,152276,한국,한국,(주)넥스트엔터테인먼트월드(NEW),20134803,0
복면달호,"코미디,드라마",108,12세 이상 관람가,2007-02-14,9008143000,1507970,310,41977,한국,한국,㈜스튜디오이쩜영,20070020,0
본 얼티메이텀,"액션,스릴러,미스터리,어드벤처",115,12세 이상 관람가,2007-09-12,13205549000,1992304,332,48577,미국,미국,유니버설픽쳐스인터내셔널 코리아(유),20070422,0
봉이 김선달,사극,121,12세 이상 관람가,2016-07-06,16227052642,2051277,942,51418,한국,한국,씨제이이앤엠(주),20159644,0
부당거래,"범죄,드라마",119,청소년 관람불가,2010-10-28,20996302500,2722996,502,69703,한국,한국,씨제이엔터테인먼트,20100213,0
부러진 화살,드라마,100,15세 이상 관람가,2012-01-18,25878629500,3451025,530,71560,한국,한국,(주)넥스트엔터테인먼트월드(NEW),20113535,0
부산행,"액션,스릴러",118,15세 이상 관람가,2016-07-20,93178283048,11565479,1788,151315,한국,한국,(주)넥스트엔터테인먼트월드(NEW),20156564,0
분노의 질주: 더 맥시멈,액션,130,15세 이상 관람가,2013-05-22,13210338042,1790916,657,44371,미국,미국,유니버설픽쳐스인터내셔널 코리아(유),20135221,0
분노의 질주: 더 세븐,"액션,범죄,스릴러",138,15세 이상 관람가,2015-04-01,26454098694,3247955,983,93612,미국,미국,유니버설픽쳐스인터내셔널 코리아(유),20143580,0
분노의 질주: 더 익스트림,"액션,범죄,스릴러",136,15세 이상 관람가,2017-04-12,28119568148,3424814,1469,106213,미국,"미국,일본,프랑스,캐나다",유니버설픽쳐스인터내셔널 코리아(유),20167542,0
분노의 질주: 언리미티드,"스릴러,드라마,범죄,액션",130,15세 이상 관람가,2011-04-20,12292868000,1621973,457,43329,미국,미국,유니버설픽쳐스인터내셔널 코리아(유),20110185,0
분신사바,공포(호러),120,12세 이상 관람가,2004-08-05,3828714000,608479,97,9877,한국,한국,브에나비스타인터내셔널코리아,20040593,0
분홍신,공포(호러),103,12세 이상 관람가,2005-06-30,6768135000,1072940,182,22227,한국,한국,(주)쇼박스,20050135,0
불꽃처럼 나비처럼,"멜로/로맨스,사극",124,15세 이상 관람가,2009-09-24,12302961500,1670652,441,57300,한국,한국,(주)쇼박스,20090308,0
뷰티 인사이드,"판타지,멜로/로맨스",127,12세 이상 관람가,2015-08-20,16148479531,2053435,648,52618,한국,한국,(주)넥스트엔터테인먼트월드(NEW),20143572,0
브레이킹 던 part1,"드라마,판타지,멜로/로맨스",117,15세 이상 관람가,2011-11-30,10692564000,1459449,636,43060,미국,미국,(주)넥스트엔터테인먼트월드(NEW),20110905,0
브레이킹 던 part2,"드라마,판타지,멜로/로맨스",115,15세 이상 관람가,2012-11-15,18909583065,2654817,665,56995,미국,미국,(주)넥스트엔터테인먼트월드(NEW),20126469,0
브리짓 존스의 일기2 : 열정과 애정,"멜로/로맨스,드라마",107,12세 이상 관람가,2004-12-08,6622706500,1022262,132,16082,영국,영국,UIP코리아,20040743,0
블라인드,스릴러,111,청소년 관람불가,2011-08-10,18390012500,2367942,404,49358,한국,한국,(주)넥스트엔터테인먼트월드(NEW),20110297,0
블랙,드라마,124,전체 관람가,2009-08-27,6157393500,861570,248,29278,인도,인도,"이언픽쳐스,(주)넥스트엔터테인먼트월드(NEW)",20090425,0
블랙 스완,"드라마,스릴러",108,청소년 관람불가,2011-02-24,12484661500,1623310,344,46840,미국,미국,이십세기폭스코리아(주),20119577,0
블레이드 3,액션,112,15세 이상 관람가,2004-12-15,4327368500,665676,131,10879,미국,미국,(주)쇼박스,20040717,0
비긴 어게인,멜로/로맨스,104,15세 이상 관람가,2014-08-13,27098834504,3427524,525,82684,미국,미국,판씨네마(주),20149629,0
비열한 거리,"액션,범죄,드라마",141,15세 이상 관람가,2006-06-15,11664597600,1829887,306,34064,한국,한국,씨제이엔터테인먼트,20060137,0
빅 히어로,"애니메이션,액션,코미디",108,전체 관람가,2015-01-21,21993119765,2801949,825,62229,미국,미국,월트디즈니컴퍼니코리아(주),20149951,0
빅매치,액션,112,15세 이상 관람가,2014-11-27,8952096578,1177438,627,38527,한국,한국,(주)넥스트엔터테인먼트월드(NEW),20134590,0
빨간모자의 진실,"애니메이션,코미디",80,전체 관람가,2006-04-06,5506266100,915672,164,20653,미국,미국,(주)쇼박스,20060018,0
사도,사극,125,12세 이상 관람가,2015-09-16,48842902501,6246849,1210,124246,한국,한국,(주)쇼박스,20148846,0
사랑,"멜로/로맨스,액션",104,15세 이상 관람가,2007-09-19,13446137500,2023174,381,54789,한국,한국,롯데쇼핑㈜롯데엔터테인먼트,20070441,0
사생결단,액션,117,15세 이상 관람가,2006-04-27,10934307100,1724709,288,33257,한국,한국,씨제이이앤엠(주),20060100,0
삼국지:용의 부활,"사극,드라마,액션,전쟁",101,15세 이상 관람가,2008-04-03,6658854000,1025302,322,40967,중국,"중국,한국,홍콩",에스케이텔레콤(주),20080291,0
새드무비,드라마,108,12세 이상 관람가,2005-10-20,5628200500,902077,262,21670,한국,한국,"롯데쇼핑㈜롯데엔터테인먼트,아이러브시네마",20050256,0
새미의 어드벤쳐 2,"애니메이션,어드벤처",92,전체 관람가,2012-08-01,10856204000,1457380,486,26436,벨기에,벨기에,씨제이이앤엠(주),20126406,0
"색, 계","드라마,멜로/로맨스",157,청소년 관람불가,2007-11-08,12399090500,1888671,258,38097,미국,미국,"(주)제이앤씨미디어그룹,씨제이엔터테인먼트",20070582,0
색즉시공 시즌2,코미디,112,청소년 관람불가,2007-12-12,11431876000,1703097,390,31551,한국,한국,씨제이엔터테인먼트,20070637,0
샌 안드레아스,"액션,드라마,스릴러",114,12세 이상 관람가,2015-06-03,14435844152,1716455,847,62016,미국,미국,워너브러더스 코리아(주),20144682,0
샤크,"애니메이션,코미디",90,전체 관람가,2005-01-07,5577637500,897731,185,17953,미국,미국,씨제이엔터테인먼트,20040744,0
서양 골동 양과자점 앤티크,드라마,109,15세 이상 관람가,2008-11-13,7419935000,1181233,436,42124,한국,한국,"오퍼스픽쳐스,(주)쇼박스",20080637,0
설국열차,"SF,액션",125,15세 이상 관람가,2013-08-01,67010087500,9349993,1128,124823,한국,한국,씨제이이앤엠(주),20126674,0
성난 변호사,"범죄,액션",117,15세 이상 관람가,2015-10-08,8723650039,1128288,607,36990,한국,한국,씨제이이앤엠(주),20142855,0
세븐 데이즈,"스릴러,범죄",125,청소년 관람불가,2007-11-14,13642111000,2036035,305,46693,한국,한국,(주)프라임엔터테인먼트,20070466,0
섹스 앤 더 시티,"멜로/로맨스,코미디",143,청소년 관람불가,2008-06-05,7134526100,1067550,361,24795,미국,미국,에스케이텔레콤(주),20080709,0
셔터 아일랜드,"드라마,미스터리,스릴러",138,15세 이상 관람가,2010-03-18,7407854500,990223,272,29043,미국,미국,씨제이엔터테인먼트,20100103,0
셜록: 유령신부,"범죄,드라마",115,12세 이상 관람가,2016-01-02,9992425049,1278894,891,32683,영국,영국,메가박스(주)플러스엠,20157042,0
셜록 홈즈,"미스터리,범죄,어드벤처",128,12세 이상 관람가,2009-12-23,16030423000,2183500,381,43966,미국,"미국,영국",워너브러더스 코리아(주),20090856,0
셜록홈즈 : 그림자 게임,"액션,미스터리",128,15세 이상 관람가,2011-12-21,9502305000,1289857,370,20512,미국,미국,워너브러더스 코리아(주),20112621,0
소스 코드,"액션,SF,스릴러",93,12세 이상 관람가,2011-05-04,9640238500,1277690,403,38744,미국,미국,"(주)시너지하우스 (시너지),롯데쇼핑㈜롯데엔터테인먼트",20110221,0
소원,드라마,122,12세 이상 관람가,2013-10-02,18529862600,2711083,651,72329,한국,한국,롯데쇼핑㈜롯데엔터테인먼트,20134582,0
솔트,"스릴러,액션",99,15세 이상 관람가,2010-07-29,21360288000,2869938,556,53679,미국,미국,한국소니픽쳐스릴리징브에나비스타영화㈜,20100370,0
수상한 고객들,"코미디,드라마",124,15세 이상 관람가,2011-04-14,7953428000,1059350,411,33930,한국,한국,씨제이이앤엠(주),20119974,0
수상한 그녀,드라마,127,15세 이상 관람가,2014-01-22,62705348249,8657982,1027,136975,한국,한국,씨제이이앤엠(주),20131102,0
수어사이드 스쿼드,액션,123,15세 이상 관람가,2016-08-03,15874111188,1898220,823,29512,미국,미국,워너브러더스 코리아(주),20152963,0
수퍼맨 리턴즈,"SF,액션,판타지",153,전체 관람가,2006-06-28,10825645300,1702765,366,29982,미국,미국,워너브러더스 코리아(주),20060148,0
숙명,"드라마,액션",123,청소년 관람불가,2008-03-20,5680873500,846903,340,29178,한국,한국,씨제이엔터테인먼트,20080226,0
숨바꼭질,스릴러,108,15세 이상 관람가,2013-08-14,39602977500,5604103,779,88062,한국,한국,(주)넥스트엔터테인먼트월드(NEW),20136049,0
슈렉 포에버,"애니메이션,코미디,가족",93,전체 관람가,2010-07-01,22809145100,2223851,561,51317,미국,미국,씨제이엔터테인먼트,20100333,0
슈렉2,애니메이션,92,전체 관람가,2004-06-18,10798690500,1661916,174,22853,미국,미국,씨제이엔터테인먼트,20040566,0
슈렉3,"애니메이션,코미디,어드벤처,가족,판타지",92,전체 관람가,2007-06-06,17896938500,2826621,620,64615,미국,미국,씨제이엔터테인먼트,20070116,0
슈퍼 배드,"애니메이션,가족",95,전체 관람가,2010-09-16,9717463000,1027050,338,24577,미국,미국,유니버설픽쳐스인터내셔널 코리아(유),20100814,0
슈퍼스타 감사용,드라마,115,전체 관람가,2004-09-17,4073017000,627199,128,15185,한국,한국,씨제이엔터테인먼트,20040619,0
스물,"코미디,드라마",115,15세 이상 관람가,2015-03-25,23563421686,3044811,926,100161,한국,한국,(주)넥스트엔터테인먼트월드(NEW),20148845,0
스카이 라인,"액션,스릴러,SF",93,12세 이상 관람가,2010-11-24,6320601500,860340,427,31690,미국,미국,(주)화앤담이엔티,20101133,0
스타 트렉: 더 비기닝,"SF,액션,어드벤처",126,12세 이상 관람가,2009-05-07,7247898500,1085281,391,31957,미국,미국,씨제이엔터테인먼트,20090235,0
스타워즈: 깨어난 포스,"액션,어드벤처,판타지",135,12세 이상 관람가,2015-12-17,24149478540,2803234,940,56425,미국,미국,월트디즈니컴퍼니코리아(주),20154141,0
스타워즈 에피소드3 - 시스의복수,SF,139,전체 관람가,2005-05-26,9325891000,1464792,272,28465,미국,미국,이십세기폭스필름코퍼레이션,20050085,0
스타트렉 다크니스,"액션,SF,어드벤처",131,12세 이상 관람가,2013-05-30,12964828000,1605271,607,40504,미국,미국,씨제이이앤엠(주),20123329,0
스타트렉 비욘드,"액션,SF",122,12세 이상 관람가,2016-08-17,10190375820,1157156,716,38199,미국,미국,롯데쇼핑㈜롯데엔터테인먼트,20150567,0
스텝업 2 : 더 스트리트,"멜로/로맨스,드라마",97,12세 이상 관람가,2008-03-13,6869402500,1044659,280,36876,미국,미국,㈜스튜디오이쩜영,20080149,0
스파이,액션,121,15세 이상 관람가,2013-09-05,24509278305,3435802,785,72796,한국,한국,씨제이이앤엠(주),20124086,0
스파이,"액션,코미디",122,15세 이상 관람가,2015-05-21,18417637358,2318748,665,62960,미국,미국,이십세기폭스코리아(주),20158621,0
스파이더맨 2,SF,126,12세 이상 관람가,2004-06-30,9632422500,1506199,198,18165,미국,미국,한국소니픽쳐스릴리징브에나비스타영화㈜,20040491,0
스파이더맨 3,"액션,SF",139,12세 이상 관람가,2007-05-01,29511658000,4592309,806,79966,미국,미국,한국소니픽쳐스릴리징브에나비스타영화㈜,20070056,0
슬럼독 밀리어네어,"드라마,멜로/로맨스,범죄",120,15세 이상 관람가,2009-03-19,7343041500,1106420,201,32738,영국,"영국,미국",씨제이엔터테인먼트,20090161,0
슬로우 비디오,"드라마,코미디",106,12세 이상 관람가,2014-10-02,8913092219,1169562,618,40665,한국,한국,이십세기폭스코리아(주),20135386,0
시간이탈자,스릴러,107,15세 이상 관람가,2016-04-13,9731838195,1202384,733,55075,한국,한국,씨제이이앤엠(주),20142621,0
시라노: 연애조작단,"멜로/로맨스,코미디",121,12세 이상 관람가,2010-09-16,19838369000,2684783,415,77736,한국,한국,롯데쇼핑㈜롯데엔터테인먼트,20100834,0
시실리 2km,코미디,109,12세 이상 관람가,2004-08-13,8049487000,1263196,86,16919,한국,한국,(주)쇼박스,20040617,0
시크릿,"스릴러,드라마,미스터리",110,청소년 관람불가,2009-12-03,7951016500,1042613,408,34398,한국,한국,씨제이엔터테인먼트,20090311,0
식객,드라마,114,12세 이상 관람가,2007-11-01,18972140500,2963196,406,67138,한국,한국,씨제이엔터테인먼트,20070435,0
신기전,"사극,드라마,액션,전쟁",134,15세 이상 관람가,2008-09-04,24326353000,3728430,585,78462,한국,한국,씨제이엔터테인먼트,20081001,0
신들의 전쟁,"드라마,액션,판타지",110,청소년 관람불가,2011-11-10,11726682000,1338411,525,46169,미국,미국,(주)넥스트엔터테인먼트월드(NEW),20111987,0
신부수업,"드라마,멜로/로맨스",110,12세 이상 관람가,2004-08-05,4255753000,675521,113,9931,한국,한국,코리아픽쳐스(주),20040612,0
신비한 동물사전,"어드벤처,가족,판타지",132,12세 이상 관람가,2016-11-16,39300515858,4662534,1431,115676,미국,"미국,영국",워너브러더스 코리아(주),20162365,0
신세계,"범죄,액션",134,청소년 관람불가,2013-02-21,34881330905,4682492,671,90580,한국,한국,(주)넥스트엔터테인먼트월드(NEW),20124401,0
신의 한 수,"범죄,액션",118,청소년 관람불가,2014-07-03,28812027456,3566852,794,77109,한국,한국,(주)쇼박스,20139201,0
실미도,전쟁,135,12세 이상 관람가,2003-12-24,9905232500,1559134,51,13460,한국,한국,(주)시네마서비스,20030410,0
심야의 F.M.,"스릴러,범죄",106,청소년 관람불가,2010-10-14,9179170500,1208306,423,50423,한국,한국,롯데쇼핑㈜롯데엔터테인먼트,20100302,0
심장이 뛴다,드라마,114,15세 이상 관람가,2011-01-05,7538083500,1006947,445,26778,한국,한국,롯데쇼핑㈜롯데엔터테인먼트,20101399,0
싸움의 기술,코미디,95,12세 이상 관람가,2006-01-05,7319136000,1144825,216,23066,한국,한국,씨제이엔터테인먼트,20050346,0
쌍화점,드라마,133,청소년 관람불가,2008-12-30,22493822400,3296474,532,67144,한국,한국,(주)쇼박스,20081716,0
써니,"드라마,코미디",124,15세 이상 관람가,2011-05-04,54035565100,7362657,546,149135,한국,한국,씨제이이앤엠(주),20110193,0
쎄시봉,"멜로/로맨스,코미디,드라마",123,15세 이상 관람가,2015-02-05,13571515911,1715370,829,51744,한국,한국,씨제이이앤엠(주),20148188,0
아가씨,"스릴러,드라마",144,청소년 관람불가,2016-06-01,35211229991,4287839,1171,90365,한국,한국,씨제이이앤엠(주),20144444,0
아내가 결혼했다,"멜로/로맨스,드라마",119,청소년 관람불가,2008-10-23,12062180000,1799447,417,57496,한국,한국,씨제이엔터테인먼트,20081395,0
아는 여자,드라마,107,12세 이상 관람가,2004-06-25,4686101500,736296,81,10941,한국,한국,(주)시네마서비스,20040583,0
아라한 장풍대작전,"액션,드라마",114,12세 이상 관람가,2004-04-30,5207905000,810406,82,12593,한국,한국,(주)시네마서비스,20040488,0
아랑,공포(호러),97,12세 이상 관람가,2006-06-28,5726173700,951834,181,22805,한국,한국,롯데쇼핑㈜롯데엔터테인먼트,20060157,0
아바타,"SF,액션,어드벤처",162,12세 이상 관람가,2009-12-17,124897072500,13302637,917,162505,미국,미국,이십세기폭스코리아(주),20090834,0
아수라,"범죄,액션",132,청소년 관람불가,2016-09-28,20576226662,2594028,1278,68040,한국,한국,씨제이이앤엠(주),20153443,0
"아이, 로봇",SF,110,12세 이상 관람가,2004-07-30,7097789000,1108063,117,12827,미국,미국,이십세기폭스필름코퍼레이션,20040597,0
아이들...,"범죄,스릴러",132,15세 이상 관람가,2011-02-17,13579712500,1867849,504,41515,한국,한국,롯데쇼핑㈜롯데엔터테인먼트,20119341,0
아이스 에이지 3: 공룡시대,"애니메이션,어드벤처,가족,드라마",94,전체 관람가,2009-08-12,6110616000,865658,367,22461,미국,미국,이십세기폭스필름코퍼레이션,20090408,0
아이스 에이지 4: 대륙 이동설,"애니메이션,어드벤처,코미디,가족",92,전체 관람가,2012-07-25,12291969704,1648110,501,26899,미국,미국,이십세기폭스코리아(주),20126667,0
아이언맨,"SF,드라마,액션",125,12세 이상 관람가,2008-04-30,27798047000,4290816,592,77942,미국,미국,씨제이엔터테인먼트,20080396,0
아이언맨 2,"SF,액션,어드벤처",125,12세 이상 관람가,2010-04-29,32635195500,4425003,921,87665,미국,미국,씨제이엔터테인먼트,20090933,0
아이언맨 3,"액션,어드벤처,SF",130,12세 이상 관람가,2013-04-25,70806364000,9001331,1389,163584,미국,미국,소니픽쳐스릴리징월트디즈니스튜디오스코리아(주),20121621,0
아일랜드,"SF,드라마,액션,스릴러",135,12세 이상 관람가,2005-07-21,20363994500,3218811,340,35990,미국,미국,워너브러더스 코리아(주),20050144,0
아저씨,"액션,드라마",119,청소년 관람불가,2010-08-04,47101332000,6178248,501,109853,한국,한국,씨제이엔터테인먼트,20100214,0
악마는 프라다를 입는다,드라마,109,12세 이상 관람가,2006-10-25,8286577600,1366933,209,31230,미국,미국,"(주)퍼스트런,글뫼 주식회사,이십세기폭스코리아(주)",20060264,0
악마를 보았다,스릴러,144,청소년 관람불가,2010-08-12,13919416500,1817063,490,42721,한국,한국,(주)쇼박스,20100301,0
악의 연대기,스릴러,102,15세 이상 관람가,2015-05-14,17361815332,2192525,776,64351,한국,한국,씨제이이앤엠(주),20149569,0
"안녕, 형아",드라마,95,전체 관람가,2005-05-27,5614875500,924019,158,24235,한국,한국,(주)시네마서비스,20050045,0
알렉산더,"전쟁,드라마",175,12세 이상 관람가,2004-12-31,6856981789,1070986,213,14124,미국,미국,(주)시네마서비스,20040706,0
알포인트,전쟁,106,12세 이상 관람가,2004-08-20,6792339000,1068087,100,15833,한국,한국,(주)시네마서비스,20040613,0
암살,"액션,드라마",140,15세 이상 관람가,2015-07-22,98463132781,12705700,1519,175185,한국,한국,(주)쇼박스,20148851,0
애자,"드라마,코미디",110,15세 이상 관람가,2009-09-09,13633710500,1901694,376,65490,한국,한국,(주)시너지하우스 (시너지),20090484,0
앤트맨,"액션,SF",117,12세 이상 관람가,2015-09-03,23529209937,2841795,949,74649,미국,"미국,영국",월트디즈니컴퍼니코리아(주),20155702,0
야수,액션,124,15세 이상 관람가,2006-01-12,5339725500,837011,299,19254,한국,한국,(주)쇼박스,20050345,0
야수와 미녀,코미디,101,12세 이상 관람가,2005-10-27,8378297000,1339833,202,29101,한국,한국,(주)쇼박스,20050261,0
어거스트 러쉬,드라마,113,전체 관람가,2007-11-29,12390878000,1935790,271,34247,미국,미국,씨제이엔터테인먼트,20070585,0
어린 신부,코미디,114,12세 이상 관람가,2004-04-02,6240174500,991674,70,12895,한국,한국,코리아픽쳐스(주),20040481,0
어메이징 스파이더맨,액션,136,12세 이상 관람가,2012-06-28,41163951235,4853123,1118,92755,미국,미국,한국소니픽쳐스릴리징브에나비스타영화㈜,20126077,0
어메이징 스파이더맨 2,"액션,판타지",142,12세 이상 관람가,2014-04-23,34869101800,4168353,1312,91715,미국,미국,소니픽쳐스릴리징월트디즈니스튜디오스코리아(주),20135661,0
어바웃 타임,"멜로/로맨스,코미디",123,15세 이상 관람가,2013-12-05,20908973000,2856065,568,49967,영국,영국,유니버설픽쳐스인터내셔널 코리아(유),20135428,0
어벤져스,"액션,SF",142,12세 이상 관람가,2012-04-26,59557853478,7074867,967,109697,미국,미국,한국소니픽쳐스릴리징브에나비스타영화㈜,20124721,0
어벤져스: 에이지 오브 울트론,"액션,어드벤처,판타지,SF",141,12세 이상 관람가,2015-04-23,88582586366,10494499,1843,191778,미국,미국,월트디즈니컴퍼니코리아(주),20148493,0
언터처블: 1%의 우정,"코미디,드라마",112,12세 이상 관람가,2012-03-22,12735040000,1720472,454,48976,프랑스,프랑스,(주)넥스트엔터테인먼트월드(NEW),20124142,0
업,"애니메이션,코미디,어드벤처,가족",101,전체 관람가,2009-07-29,7527426000,1030818,392,23253,미국,미국,한국소니픽쳐스릴리징브에나비스타영화㈜,20090391,0
에라곤,"판타지,드라마,액션,스릴러",103,12세 이상 관람가,2007-01-11,5359051500,915232,276,24405,미국,미국,이십세기폭스필름코퍼레이션,20060345,0
엑소더스: 신들과 왕들,드라마,153,12세 이상 관람가,2014-12-03,12442681926,1511195,865,43742,미국,"미국,영국,스페인",이십세기폭스코리아(주),20140842,0
엑스맨: 데이즈 오브 퓨처 패스트,"액션,판타지,SF,어드벤처",134,12세 이상 관람가,2014-05-22,34654558766,4313871,1056,82722,미국,미국,이십세기폭스코리아(주),20147669,0
엑스맨: 아포칼립스,"액션,어드벤처,판타지,SF",145,12세 이상 관람가,2016-05-25,24467887950,2938818,1262,66471,미국,미국,이십세기폭스코리아(주),20150523,0
엑스맨: 퍼스트 클래스,액션,132,12세 이상 관람가,2011-06-02,19075363000,2533852,587,56827,미국,미국,이십세기폭스코리아(주),20110561,0
엑스맨 : 최후의 전쟁,"SF,액션",103,12세 이상 관람가,2006-06-15,11275475200,1793310,373,38570,미국,미국,이십세기폭스코리아(주),20060136,0
엑스맨 탄생: 울버린,"SF,액션,판타지",107,12세 이상 관람가,2009-04-30,8408135000,1280734,412,33893,미국,미국,이십세기폭스코리아(주),20090222,0
엘리시움,"SF,액션",109,청소년 관람불가,2013-08-29,9017994500,1207732,588,31515,미국,미국,소니픽쳐스릴리징월트디즈니스튜디오스코리아(주),20137811,0
엣지 오브 투모로우,"액션,SF",113,12세 이상 관람가,2014-06-04,38732961201,4699307,801,94559,미국,미국,워너브러더스 코리아(주),20148807,0
여선생 VS 여제자,코미디,109,12세 이상 관람가,2004-11-17,5261476506,846020,182,20893,한국,한국,씨제이엔터테인먼트,20040657,0
역도산,드라마,137,12세 이상 관람가,2004-12-15,6050131500,951646,223,14789,한국,한국,씨제이엔터테인먼트,20040682,0
역린,사극,136,15세 이상 관람가,2014-04-30,29894266890,3849552,1054,83296,한국,한국,롯데쇼핑㈜롯데엔터테인먼트,20139183,0
연가시,"공포(호러),SF",109,15세 이상 관람가,2012-07-05,32175400664,4515833,759,71928,한국,한국,씨제이이앤엠(주),20124062,0
연애술사,"멜로/로맨스,코미디",109,12세 이상 관람가,2005-05-20,6383653500,1014372,155,23610,한국,한국,씨제이엔터테인먼트,20050083,0
연애의 목적,"드라마,코미디,멜로/로맨스",121,15세 이상 관람가,2005-06-10,9846423390,1524898,243,29871,한국,한국,씨제이엔터테인먼트,20050110,0
연애의 온도,"멜로/로맨스,코미디",112,청소년 관람불가,2013-03-21,13798864446,1865195,567,57847,한국,한국,롯데쇼핑㈜롯데엔터테인먼트,20128690,0
연인,"멜로/로맨스,액션",119,12세 이상 관람가,2004-09-10,6644463500,1027354,157,16630,중국,중국,쇼이스트(주),20040640,0
연평해전,드라마,130,12세 이상 관람가,2015-06-24,45563228330,6043784,1013,114450,한국,한국,(주)넥스트엔터테인먼트월드(NEW),20134798,0
영화는 영화다,"액션,드라마,범죄",112,청소년 관람불가,2008-09-11,8967253000,1311071,315,37337,한국,한국,㈜스튜디오이쩜영,20081243,0
예스맨,"코미디,드라마",104,15세 이상 관람가,2008-12-17,5394039500,818604,241,16616,미국,미국,워너브러더스 코리아(주),20081703,0
예의없는 것들,"액션,코미디",121,15세 이상 관람가,2006-08-24,4886772800,782907,192,17807,한국,한국,롯데쇼핑㈜롯데엔터테인먼트,20060225,0
오늘의 연애,"멜로/로맨스,코미디",119,15세 이상 관람가,2015-01-14,14924654487,1891993,709,47237,한국,한국,씨제이이앤엠(주),20142407,0
오로라 공주,"범죄,스릴러",106,15세 이상 관람가,2005-10-27,5365343000,830538,185,20738,한국,한국,(주)시네마서비스,20050271,0
오만과 편견,"멜로/로맨스,드라마",128,12세 이상 관람가,2006-03-24,5516608900,882967,157,20327,미국,미국,UIP코리아,20060033,0
오블리비언,"액션,SF",124,15세 이상 관람가,2013-04-11,11165841500,1515356,634,47871,미국,미국,유니버설픽쳐스인터내셔널 코리아(유),20134181,0
오빠생각,"드라마,전쟁",124,12세 이상 관람가,2016-01-21,8060591287,1069864,855,44801,한국,한국,(주)넥스트엔터테인먼트월드(NEW),20158483,0
오션스 써틴,"범죄,드라마,코미디",121,12세 이상 관람가,2007-06-14,9119810300,1371214,271,32636,미국,미국,워너브러더스 코리아(주),20070058,0
오스트레일리아,"사극,멜로/로맨스,서부극(웨스턴)",166,12세 이상 관람가,2008-12-10,6117517000,945067,435,23170,미국,미국,이십세기폭스코리아(주),20081673,0
오싹한 연애,"공포(호러),멜로/로맨스,코미디",114,12세 이상 관람가,2011-12-01,20289813500,2777998,544,54630,한국,한국,씨제이이앤엠(주),20113381,0
오직 그대만,멜로/로맨스,105,15세 이상 관람가,2011-10-20,7591008500,1027622,435,35365,한국,한국,(주)쇼박스,20112589,0
오페라의 유령,"뮤지컬,드라마",141,12세 이상 관람가,2004-12-08,8691600500,1368508,221,17699,미국,미국,"(주)팝엔터테인먼트,(주)드림팩트엔터테인먼트,씨제이엔터테인먼트",20040721,0
완득이,드라마,107,12세 이상 관람가,2011-10-20,38526161500,5309928,629,117763,한국,한국,씨제이이앤엠(주),20112695,0
왕의 남자,드라마,119,15세 이상 관람가,2005-12-29,61605851900,9793917,313,106179,한국,한국,(주)시네마서비스,20050333,0
용서는 없다,"범죄,스릴러",125,청소년 관람불가,2010-01-07,8544828000,1118277,323,33614,한국,한국,(주)시네마서비스,20090888,0
용의자,"액션,스릴러",138,15세 이상 관람가,2013-12-24,30037521000,4131338,807,69124,한국,한국,(주)쇼박스,20124938,0
용의자X,미스터리,119,15세 이상 관람가,2012-10-18,11241013000,1552055,553,42989,한국,한국,씨제이이앤엠(주),20124057,0
우리 생애 최고의 순간,드라마,124,전체 관람가,2008-01-10,26113394000,4018059,418,70721,한국,한국,(주)싸이더스,20070382,0
우리 형,드라마,112,12세 이상 관람가,2004-10-08,11090682500,1778607,211,29282,한국,한국,씨제이엔터테인먼트,20040628,0
우리들의 행복한 시간,드라마,120,12세 이상 관람가,2006-09-14,14938308000,2472035,414,47297,한국,한국,(주)프라임엔터테인먼트,20060244,0
우아한 거짓말,드라마,117,12세 이상 관람가,2014-03-13,11728460300,1619188,573,57492,한국,한국,CGV아트하우스,20138226,0
우아한 세계,액션,120,15세 이상 관람가,2007-04-05,6161685500,960658,405,35849,한국,한국,롯데쇼핑㈜롯데엔터테인먼트,20070072,0
우주전쟁,"드라마,액션,SF,스릴러",116,12세 이상 관람가,2005-07-07,16758594690,2642874,401,37362,미국,미국,UIP코리아,20050137,0
워낭소리,다큐멘터리,77,전체 관람가,2009-01-15,19074728900,2933897,274,63196,한국,한국,㈜인디스토리,20081727,0
워크래프트: 전쟁의 서막,"액션,어드벤처,판타지",123,12세 이상 관람가,2016-06-09,10142271205,1163274,736,34087,미국,미국,유니버설픽쳐스인터내셔널 코리아(유),20158150,0
원스어폰어타임,"액션,코미디",110,12세 이상 관람가,2008-01-31,10136738500,1544486,314,37679,한국,한국,(유)씨에이치엔터테인먼트,20080011,0
원티드,"스릴러,액션",110,청소년 관람불가,2008-06-26,19249245000,2858720,512,55001,미국,미국,유니버설픽쳐스인터내셔널 코리아(유),20080847,0
월ㆍE,"애니메이션,코미디,액션,어드벤처,가족,SF",104,전체 관람가,2008-08-06,8289679500,1325834,347,32819,미국,미국,한국소니픽쳐스릴리징브에나비스타영화㈜,20081057,0
월드 워 Z,"드라마,스릴러,SF,액션,어드벤처",115,15세 이상 관람가,2013-06-20,38555356000,5237525,964,100823,미국,미국,롯데쇼핑㈜롯데엔터테인먼트,20122122,0
월드 인베이젼,"SF,액션",116,12세 이상 관람가,2011-03-10,9799358000,1307873,441,44241,미국,미국,한국소니픽쳐스릴리징브에나비스타영화㈜,20119707,0
웰컴 투 동막골,"전쟁,드라마",133,12세 이상 관람가,2005-08-04,40328508500,6436508,356,72108,한국,한국,(주)쇼박스,20050180,0
위대한 개츠비,"드라마,멜로/로맨스",141,15세 이상 관람가,2013-05-16,10581329643,1445248,562,36008,미국,"미국,호주",워너브러더스 코리아(주),20136219,0
위플래쉬,드라마,106,15세 이상 관람가,2015-03-12,12656619045,1589032,574,56028,미국,미국,(주)쇼박스,20145141,0
위험한 상견례,"코미디,멜로/로맨스",118,12세 이상 관람가,2011-03-31,19174920500,2595625,524,75068,한국,한국,롯데쇼핑㈜롯데엔터테인먼트,20119618,0
유감스러운 도시,"코미디,액션,범죄",121,15세 이상 관람가,2009-01-22,10289635500,1532632,375,35055,한국,한국,씨제이엔터테인먼트,20090014,0
육혈포 강도단,"코미디,드라마,액션",107,15세 이상 관람가,2010-03-18,8651186000,1214237,319,51941,한국,한국,롯데쇼핑㈜롯데엔터테인먼트,20090939,0
은교,멜로/로맨스,129,청소년 관람불가,2012-04-25,9918274444,1346359,521,41683,한국,한국,롯데쇼핑㈜롯데엔터테인먼트,20124066,0
은밀하게 위대하게,"액션,코미디,드라마",123,15세 이상 관람가,2013-06-05,48700887413,6959083,1341,117461,한국,한국,(주)쇼박스,20126672,0
음란서생,"사극,코미디",139,15세 이상 관람가,2006-02-23,14944528700,2304365,347,38964,한국,한국,씨제이엔터테인먼트,20050355,0
의뢰인,스릴러,123,15세 이상 관람가,2011-09-29,17797042500,2393086,522,58414,한국,한국,(주)쇼박스,20110613,0
의형제,"드라마,액션",116,15세 이상 관람가,2010-02-04,40153729000,5416812,569,118243,한국,한국,(주)쇼박스,20090904,0
이글 아이,"액션,스릴러,미스터리",117,12세 이상 관람가,2008-10-09,14869812500,2292172,407,59132,미국,미국,씨제이엔터테인먼트,20081366,0
이끼,"드라마,스릴러",163,청소년 관람불가,2010-07-14,25437300500,3350303,740,58198,한국,한국,씨제이엔터테인먼트,20100209,0
이미테이션 게임,"드라마,스릴러",114,15세 이상 관람가,2015-02-17,13655929120,1743963,541,44782,영국,영국,메가박스(주)플러스엠,20141962,0
이상한 나라의 앨리스,"판타지,어드벤처,가족",108,전체 관람가,2010-03-04,20334399500,2147012,397,58393,미국,미국,한국소니픽쳐스릴리징브에나비스타영화㈜,20090930,0
이웃사람,스릴러,110,청소년 관람불가,2012-08-22,18088462369,2434269,600,56752,한국,한국,롯데쇼핑㈜롯데엔터테인먼트,20125920,0
이장과 군수,코미디,113,12세 이상 관람가,2007-03-29,7594186000,1179661,315,35021,한국,한국,씨제이엔터테인먼트,20070084,0
이클립스,"판타지,멜로/로맨스,스릴러",124,12세 이상 관람가,2010-07-07,14945720000,2069246,535,46355,미국,미국,(주)넥스트엔터테인먼트월드(NEW),20100361,0
이프 온리,"코미디,드라마,판타지,멜로/로맨스",96,12세 이상 관람가,2004-10-29,5518745500,859051,82,17831,미국,미국,씨제이엔터테인먼트,20040695,0
인간중독,"멜로/로맨스,드라마",132,청소년 관람불가,2014-05-14,11284912400,1441973,682,44057,한국,한국,(주)넥스트엔터테인먼트월드(NEW),20133322,0
인디아나 존스 4 : 크리스탈 해골의 왕국,"액션,어드벤처",121,12세 이상 관람가,2008-05-22,26689440000,4111753,771,75393,미국,미국,씨제이엔터테인먼트,20070675,0
인디펜던스 데이 : 리써전스,"액션,어드벤처,SF",120,12세 이상 관람가,2016-06-22,12770879840,1500830,926,47432,미국,미국,이십세기폭스코리아(주),20150782,0
인사동 스캔들,"드라마,범죄,액션",109,15세 이상 관람가,2009-04-29,7780811000,1187684,305,33106,한국,한국,에스케이텔레콤(주),20090225,0
인사이드 아웃,"애니메이션,코미디",102,전체 관람가,2015-07-09,38024694936,4969735,931,84000,미국,미국,월트디즈니컴퍼니코리아(주),20151225,0
인셉션,"드라마,미스터리",147,12세 이상 관람가,2010-07-21,43394990000,5827444,531,81891,미국,미국,워너브러더스 코리아(주),20100312,0
인천상륙작전,"전쟁,드라마",110,12세 이상 관람가,2016-07-27,55101410303,7049643,1049,97019,한국,한국,씨제이이앤엠(주),20156250,0
인크레더블,애니메이션,115,전체 관람가,2004-12-15,3875392500,620749,189,11725,미국,미국,한국소니픽쳐스릴리징브에나비스타영화㈜,20040745,0
인크레더블 헐크,"액션,판타지,SF",113,15세 이상 관람가,2008-06-12,6449106000,991417,417,28047,미국,미국,유니버설픽쳐스인터내셔널 코리아(유),20080830,0
인터스텔라,SF,169,12세 이상 관람가,2014-11-06,80671424300,10105247,1410,166218,미국,"미국,영국",워너브러더스 코리아(주),20149120,0
인턴,코미디,121,12세 이상 관람가,2015-09-24,28517727148,3610564,659,81552,미국,미국,워너브러더스 코리아(주),20152022,0
인투 더 스톰,"액션,스릴러",89,12세 이상 관람가,2014-08-28,16157166332,2078698,585,45899,미국,미국,워너브러더스 코리아(주),20149811,0
일본침몰,드라마,135,12세 이상 관람가,2006-08-31,4672989200,773025,211,16530,일본,일본,(주)시네마서비스,20060241,0
잃어버린 세계를 찾아서,"SF,어드벤처,가족,액션",92,전체 관람가,2008-12-17,7025254500,1079915,320,25000,미국,미국,롯데쇼핑㈜롯데엔터테인먼트,20081696,0
잃어버린 세계를 찾아서 2: 신비의 섬,"액션,어드벤처",94,전체 관람가,2012-01-19,9784305000,1149628,398,27236,미국,미국,워너브러더스 코리아(주),20113653,0
작업의 정석,코미디,100,12세 이상 관람가,2005-12-21,7883887000,1257923,260,15454,한국,한국,(주)쇼박스,20050330,0
작전,"범죄,드라마,스릴러",119,15세 이상 관람가,2009-02-12,10086067500,1517096,393,50216,한국,한국,(주)쇼박스,20090023,0
작전명 발키리,"스릴러,드라마,전쟁",120,12세 이상 관람가,2009-01-22,11875231500,1784165,372,36947,미국,"미국,독일",이십세기폭스코리아(주),20071013,0
잠복근무,"코미디,액션",111,12세 이상 관람가,2005-03-17,9590415500,1533175,214,32266,한국,한국,(주)쇼박스,20050013,0
장수상회,"멜로/로맨스,드라마",112,12세 이상 관람가,2015-04-09,8737364643,1165780,688,52928,한국,한국,씨제이이앤엠(주),20140703,0
장화신은 고양이,"애니메이션,어드벤처,코미디,판타지",90,전체 관람가,2012-01-12,17602643500,2080445,593,45451,미국,미국,씨제이이앤엠(주),20113862,0
적벽대전:거대한 전쟁의 시작,"액션,드라마,전쟁",132,15세 이상 관람가,2008-07-10,10192112500,1570703,447,32719,중국,중국,(주)쇼박스,20080914,0
적벽대전 2 : 최후의 결전,"액션,전쟁,드라마,사극",141,15세 이상 관람가,2009-01-22,17782372500,2694436,426,45952,중국,중국,(주)쇼박스,20090015,0
전설의 주먹,"드라마,액션",153,청소년 관람불가,2013-04-10,12777314500,1744585,724,57593,한국,한국,씨제이이앤엠(주),20125333,0
전우치,"액션,코미디,판타지",136,12세 이상 관람가,2009-12-23,44093407200,6065474,612,102357,한국,한국,씨제이엔터테인먼트,20090077,0
점퍼,"SF,드라마,어드벤처",88,15세 이상 관람가,2008-02-14,10943088000,1665268,350,43335,미국,미국,이십세기폭스필름코퍼레이션,20080047,0
정글북,"어드벤처,드라마",106,12세 이상 관람가,2016-06-09,21517647134,2537438,924,59041,미국,미국,월트디즈니컴퍼니코리아(주),20162967,0
제보자,드라마,114,12세 이상 관람가,2014-10-02,13515762802,1755181,676,58358,한국,한국,메가박스(주)플러스엠,20134589,0
제이슨 본,"액션,스릴러",123,15세 이상 관람가,2016-07-27,21253434663,2611966,827,39806,미국,미국,유니버설픽쳐스인터내셔널 코리아(유),20161907,0
조선명탐정 : 각시투구꽃의 비밀,"코미디,액션",115,12세 이상 관람가,2011-01-27,35841769500,4786259,634,84189,한국,한국,(주)쇼박스,20102414,0
조선명탐정 : 사라진 놉의 딸,"사극,코미디,어드벤처",125,12세 이상 관람가,2015-02-11,30456879428,3872015,825,80499,한국,한국,(주)쇼박스,20149570,0
"좋은 놈, 나쁜 놈, 이상한 놈","서부극(웨스턴),액션,어드벤처",139,15세 이상 관람가,2008-07-17,43747552000,6684933,824,93477,한국,한국,씨제이엔터테인먼트,20072152,0
주먹이 운다(Crying Fist),드라마,134,12세 이상 관람가,2005-04-01,9322812000,1462972,249,32964,한국,한국,쇼이스트(주),20050049,0
주토피아,"애니메이션,액션,어드벤처",108,전체 관람가,2016-02-17,37096057742,4706158,735,131005,미국,미국,월트디즈니컴퍼니코리아(주),20155501,0
주홍글씨,"스릴러,멜로/로맨스",119,15세 이상 관람가,2004-10-29,6648786000,1030259,190,18777,한국,한국,(주)쇼박스,20040671,0
중천,"액션,드라마,판타지",102,12세 이상 관람가,2006-12-21,7481599100,1246836,402,23621,한국,"한국,중국",씨제이엔터테인먼트,20060370,0
쥬라기 월드,"액션,어드벤처,SF",125,12세 이상 관람가,2015-06-11,47800698826,5546792,1290,118959,미국,미국,유니버설픽쳐스인터내셔널 코리아(유),20098169,0
즐거운 인생,드라마,112,전체 관람가,2007-09-13,7872688500,1202351,322,39402,한국,한국,씨제이엔터테인먼트,20070380,0
지.아이.조 : 전쟁의 서막,액션,117,15세 이상 관람가,2009-08-06,19583497500,2665874,446,54820,미국,미국,씨제이엔터테인먼트,20090427,0
지.아이.조 2,"액션,어드벤처,SF",110,15세 이상 관람가,2013-03-28,14457048500,1855917,766,62627,미국,"미국,캐나다",씨제이이앤엠(주),20113972,0
지구가 멈추는 날,"SF,액션,스릴러",106,12세 이상 관람가,2008-12-24,8582183500,1307068,469,22590,미국,미국,이십세기폭스코리아(주),20081723,0
지금 사랑하는 사람과 살고 있습니까?,"드라마,멜로/로맨스",117,청소년 관람불가,2007-08-15,7004500500,1042923,291,26158,한국,한국,(주)시네마서비스,20070367,0
집으로 가는 길,드라마,131,15세 이상 관람가,2013-12-11,12373339745,1763231,740,39811,한국,한국,씨제이이앤엠(주),20134123,0
짝패,액션,92,15세 이상 관람가,2006-05-25,6585332300,1021631,210,24404,한국,한국,씨제이엔터테인먼트,20060134,0
쩨쩨한 로맨스,"코미디,멜로/로맨스",118,청소년 관람불가,2010-12-01,15338827000,2009586,450,46199,한국,한국,롯데쇼핑㈜롯데엔터테인먼트,20101221,0
찌라시: 위험한 소문,"범죄,드라마",121,15세 이상 관람가,2014-02-20,9111748087,1221427,560,37426,한국,한국,씨제이이앤엠(주),20139401,0
차우,"액션,어드벤처,코미디",121,12세 이상 관람가,2009-07-15,12531840500,1778843,397,41354,한국,한국,롯데쇼핑㈜롯데엔터테인먼트,20090051,0
차이나타운,"범죄,드라마",110,청소년 관람불가,2015-04-29,11990370378,1472106,551,45137,한국,한국,CGV아트하우스,20149266,0
차형사,"코미디,액션",110,15세 이상 관람가,2012-05-30,9752555296,1346754,433,39152,한국,한국,씨제이이앤엠(주),20124065,0
찰리와 초콜릿 공장,"코미디,가족,판타지",114,전체 관람가,2005-09-16,7831016503,1282348,134,19793,미국,미국,워너브러더스 코리아(주),20050225,0
천군,액션,106,12세 이상 관람가,2005-07-15,5852391000,933147,186,18850,한국,한국,(주)쇼박스,20050141,0
천사와 악마,"미스터리,범죄,스릴러",138,15세 이상 관람가,2009-05-14,12541341000,1906687,543,47459,미국,미국,한국소니픽쳐스릴리징브에나비스타영화㈜,20090234,0
청담보살,"멜로/로맨스,코미디",119,15세 이상 관람가,2009-11-11,9563845500,1301582,387,42791,한국,한국,(주)넥스트엔터테인먼트월드(NEW),20090590,0
청춘만화,"코미디,멜로/로맨스",116,12세 이상 관람가,2006-03-23,9785168000,1567514,298,32939,한국,한국,(주)쇼박스,20060051,0
체포왕,"코미디,액션",117,15세 이상 관람가,2011-05-04,6413325500,870887,407,32545,한국,한국,롯데쇼핑㈜롯데엔터테인먼트,20119619,0
초능력자,"SF,드라마",114,15세 이상 관람가,2010-11-10,15374489000,2130606,612,58000,한국,한국,(주)넥스트엔터테인먼트월드(NEW),20101010,0
최강로맨스,"멜로/로맨스,코미디",109,15세 이상 관람가,2007-01-25,6931136500,1190703,253,26656,한국,한국,(주)쇼박스,20060417,0
최종병기 활,"사극,액션",122,15세 이상 관람가,2011-08-10,55827861500,7470633,615,130054,한국,한국,롯데쇼핑㈜롯데엔터테인먼트,20110302,0
추격자,"범죄,스릴러,액션",123,청소년 관람불가,2008-02-14,33986959000,5046096,433,106805,한국,한국,(주)쇼박스,20080046,0
친구 2,액션,124,청소년 관람불가,2013-11-14,21795237513,2969900,968,69856,한국,한국,롯데쇼핑㈜롯데엔터테인먼트,20137044,0
친절한 금자씨,스릴러,112,15세 이상 관람가,2005-07-29,20483051393,3119682,386,41438,한국,한국,씨제이엔터테인먼트,20050148,0
캐리비안의 해적: 낯선 조류,"액션,판타지",137,12세 이상 관람가,2011-05-19,27279967500,3130046,960,67036,미국,미국,한국소니픽쳐스릴리징브에나비스타영화㈜,20110294,0
캐리비안의 해적: 세상의 끝에서,"액션,코미디,어드벤처,판타지",168,12세 이상 관람가,2007-05-23,29133447500,4571229,953,78007,미국,미국,한국소니픽쳐스릴리징브에나비스타영화㈜,20070057,0
캐리비안의 해적 : 망자의 함,"액션,코미디,어드벤처,판타지",143,12세 이상 관람가,2006-07-06,23832939000,3911617,456,49636,미국,미국,브에나비스타인터내셔널코리아,20060146,0
캡틴 아메리카: 시빌 워,"액션,SF,스릴러",147,12세 이상 관람가,2016-04-27,72672111827,8677249,1991,161696,미국,미국,월트디즈니컴퍼니코리아(주),20159364,0
캡틴 아메리카: 윈터 솔져,"액션,어드벤처,SF",136,15세 이상 관람가,2014-03-26,31711040385,3963251,1106,110109,미국,미국,소니픽쳐스릴리징월트디즈니스튜디오스코리아(주),20147790,0
컨저링,"공포(호러),스릴러",112,15세 이상 관람가,2013-09-17,16353225777,2262758,563,48616,미국,미국,워너브러더스 코리아(주),20131381,0
컨저링 2,공포(호러),131,15세 이상 관람가,2016-06-09,15759374229,1928605,640,45816,미국,미국,워너브러더스 코리아(주),20162941,0
코리아,드라마,127,12세 이상 관람가,2012-05-03,13448848500,1872681,537,49679,한국,한국,씨제이이앤엠(주),20124045,0
콘스탄틴,"드라마,액션,스릴러,판타지",120,12세 이상 관람가,2005-02-08,11164582000,1736163,177,26430,미국,미국,워너브러더스 코리아(주),20050010,0
콜래트럴,액션,120,12세 이상 관람가,2004-10-15,3752632000,576262,114,12803,미국,미국,UIP코리아,20040655,0
쿵푸 팬더,"애니메이션,코미디,액션,가족",92,전체 관람가,2008-06-05,29996476000,4653929,563,79850,미국,미국,씨제이엔터테인먼트,20080653,0
쿵푸 허슬,코미디,99,12세 이상 관람가,2005-01-14,5309283000,823559,148,17201,중국,중국,소니픽쳐스릴리징코리아,20040776,0
쿵푸팬더 2,"애니메이션,액션,어드벤처,코미디,가족",91,전체 관람가,2011-05-26,44298708500,5062720,948,101338,미국,미국,씨제이이앤엠(주),20110511,0
쿵푸팬더3,"애니메이션,액션,어드벤처",95,전체 관람가,2016-01-28,31340798156,3984812,1365,97404,미국,미국,씨제이이앤엠(주),20151803,0
퀵,"코미디,액션",115,15세 이상 관람가,2011-07-20,22960890000,3125069,514,60714,한국,한국,씨제이이앤엠(주),20110290,0
크로싱,드라마,112,12세 이상 관람가,2008-06-26,5651660500,898000,304,28099,한국,"한국,중국,몽고",(주)벤티지홀딩스,20080663,0
킹 아더,사극,119,12세 이상 관람가,2004-07-23,5137581500,807850,104,9335,미국,미국,한국소니픽쳐스릴리징브에나비스타영화㈜,20040573,0
킹덤 오브 헤븐,액션,137,12세 이상 관람가,2005-05-04,7805432000,1235768,247,26594,미국,미국,이십세기폭스필름코퍼레이션,20050078,0
킹스 스피치,드라마,118,12세 이상 관람가,2011-03-17,5963126500,806248,327,33979,영국,"영국,호주",(주)화앤담이엔티,20119637,0
킹스맨 : 시크릿 에이전트,"액션,스릴러",128,청소년 관람불가,2015-02-11,50369009795,6129681,728,139988,미국,"미국,영국",이십세기폭스코리아(주),20140110,0
킹콩,"드라마,어드벤처",186,12세 이상 관람가,2005-12-14,21476052900,3469311,319,38395,미국,미국,UIP코리아,20050324,0
킹콩을 들다,드라마,120,전체 관람가,2009-07-01,8851762500,1262850,411,42626,한국,한국,(주)넥스트엔터테인먼트월드(NEW),20090336,0
타워,드라마,121,12세 이상 관람가,2012-12-25,37654858000,5181014,638,81147,한국,한국,씨제이이앤엠(주),20124039,0
타이탄,"액션,어드벤처,판타지",106,12세 이상 관람가,2010-04-01,21796996500,2642483,694,87911,미국,미국,워너브러더스 코리아(주),20100018,0
타짜,드라마,139,15세 이상 관람가,2006-09-28,36180800700,5685441,492,76872,한국,한국,씨제이엔터테인먼트,20060277,0
타짜-신의 손,드라마,147,청소년 관람불가,2014-09-03,32373120927,4015361,890,80584,한국,한국,"롯데쇼핑㈜롯데엔터테인먼트,(주)싸이더스",20134804,0
탐정 : 더 비기닝,"코미디,범죄",120,15세 이상 관람가,2015-09-24,20463956973,2625686,764,54995,한국,한국,씨제이이앤엠(주),20156557,0
탐정 홍길동: 사라진 마을,"드라마,액션",125,15세 이상 관람가,2016-05-04,11516170845,1430885,764,41076,한국,한국,씨제이이앤엠(주),20142406,0
태극기 휘날리며,"전쟁,드라마",148,12세 이상 관람가,2004-02-05,15687180500,2544911,115,22375,한국,한국,(주)쇼박스,20030371,0
태풍,"드라마,액션",125,12세 이상 관람가,2005-12-14,19372557600,3035086,481,36678,한국,한국,씨제이엔터테인먼트,20050326,0
터널,드라마,126,12세 이상 관람가,2016-08-10,57529484417,7120508,1105,113201,한국,한국,(주)쇼박스,20154910,0
터미널,드라마,128,전체 관람가,2004-08-27,6377300000,986903,127,13929,미국,미국,씨제이엔터테인먼트,20040631,0
터미네이터 : 미래전쟁의 시작,"SF,액션",115,15세 이상 관람가,2009-05-21,29690943500,4499776,702,93745,미국,미국,롯데쇼핑㈜롯데엔터테인먼트,20090238,0
터미네이터 제니시스,"액션,어드벤처,SF,스릴러",126,15세 이상 관람가,2015-07-02,26556715129,3240370,1113,77590,미국,미국,롯데쇼핑㈜롯데엔터테인먼트,20141384,0
터보,애니메이션,95,전체 관람가,2013-07-25,13116737000,1924414,634,28783,미국,미국,씨제이이앤엠(주),20137549,0
테이큰,"범죄,스릴러,액션",93,청소년 관람불가,2008-04-09,15971449000,2359061,256,60944,프랑스,프랑스,㈜스튜디오이쩜영,20080337,0
테이큰 2,"액션,범죄,드라마",92,청소년 관람불가,2012-09-27,17581098553,2308596,682,51344,프랑스,프랑스,이십세기폭스코리아(주),20128447,0
테이큰 3,"액션,범죄,스릴러",112,15세 이상 관람가,2015-01-01,15088105000,1860934,616,38060,미국,미국,이십세기폭스코리아(주),20143642,0
토르: 다크 월드,"액션,어드벤처,판타지",112,12세 이상 관람가,2013-10-30,22525808500,3039889,733,78095,미국,미국,소니픽쳐스릴리징월트디즈니스튜디오스코리아(주),20138355,0
토르: 천둥의 신,"액션,어드벤처,판타지",130,12세 이상 관람가,2011-04-28,15985737000,1694562,496,45188,미국,미국,씨제이이앤엠(주),20110211,0
토이 스토리 3,"가족,코미디,판타지",102,전체 관람가,2010-08-05,14319338600,1458865,393,28615,미국,미국,한국소니픽쳐스릴리징브에나비스타영화㈜,20100377,0
토탈 리콜,"SF,액션",118,15세 이상 관람가,2012-08-15,8958236000,1219637,448,27089,미국,"미국,캐나다",한국소니픽쳐스릴리징브에나비스타영화㈜,20125647,0
투 가이즈,코미디,116,12세 이상 관람가,2004-07-09,3584851500,568230,93,8311,한국,한국,쇼이스트(주),20040567,0
투모로우,SF,123,12세 이상 관람가,2004-06-03,11658584500,1830767,164,22881,미국,미국,이십세기폭스필름코퍼레이션,20040490,0
투사부일체,코미디,125,12세 이상 관람가,2006-01-19,31959686000,5074314,407,54339,한국,한국,씨제이엔터테인먼트,20050363,0
투어리스트,"드라마,스릴러",100,15세 이상 관람가,2010-12-09,6728872000,901843,418,26842,미국,미국,한국소니픽쳐스릴리징브에나비스타영화㈜,20101212,0
트랜스포머,"SF,액션,어드벤처",135,12세 이상 관람가,2007-06-28,47619379338,7389696,863,92291,미국,미국,씨제이엔터테인먼트,20070061,0
트랜스포머: 사라진 시대,"액션,SF,어드벤처",165,12세 이상 관람가,2014-06-25,44012752845,5295836,1602,107875,미국,미국,씨제이이앤엠(주),20122021,0
트랜스포머: 패자의 역습,"SF,액션,어드벤처",149,12세 이상 관람가,2009-06-24,50697608000,7392990,1154,115137,미국,미국,씨제이엔터테인먼트,20090303,0
트랜스포머 3,"액션,어드벤처",152,12세 이상 관람가,2011-06-29,74840681500,7784743,1409,124450,미국,미국,씨제이이앤엠(주),20110659,0
트랜스포터-라스트 미션,액션,103,15세 이상 관람가,2009-01-08,6244302000,937224,267,27731,프랑스,프랑스,(주)시너지하우스 (시너지),20081809,0
트로이,사극,136,12세 이상 관람가,2004-05-21,12777346000,2001293,177,21245,미국,미국,워너브러더스 코리아(주),20040555,0
트와일라잇,"액션,멜로/로맨스,판타지,공포(호러)",121,12세 이상 관람가,2008-12-10,8369922000,1292332,345,28082,미국,미국,(주)넥스트엔터테인먼트월드(NEW),20081697,0
특별수사: 사형수의 편지,"범죄,드라마",120,15세 이상 관람가,2016-06-16,9929947065,1241899,691,39372,한국,한국,(주)넥스트엔터테인먼트월드(NEW),20159645,0
특수본,"액션,범죄",111,15세 이상 관람가,2011-11-24,8096052500,1118258,471,40881,한국,한국,"(주)시너지하우스 (시너지),롯데쇼핑㈜롯데엔터테인먼트",20110906,0
파괴된 사나이,"드라마,스릴러",114,청소년 관람불가,2010-07-01,7692092100,1012310,363,31985,한국,한국,(주)시너지하우스 (시너지),20100353,0
파송송 계란탁,코미디,120,12세 이상 관람가,2005-02-18,6292855500,1003026,155,21505,한국,한국,씨제이엔터테인먼트,20050011,0
파파로티,드라마,127,15세 이상 관람가,2013-03-14,11825934000,1716429,552,53601,한국,한국,(주)쇼박스,20129368,0
파퍼씨네 펭귄들,코미디,95,전체 관람가,2011-09-07,7049177000,980387,333,26307,미국,미국,이십세기폭스코리아(주),20111571,0
판도라,"드라마,스릴러",136,12세 이상 관람가,2016-12-07,33955398164,4313864,1184,90758,한국,한국,(주)넥스트엔터테인먼트월드(NEW),20144641,0
패션 오브 크라이스트,드라마,125,12세 이상 관람가,2004-04-02,5338827500,841006,66,9902,미국,미국,"(주)이수C&E,이십세기폭스필름코퍼레이션",20040525,0
퍼시 잭슨과 번개 도둑,"판타지,어드벤처",118,12세 이상 관람가,2010-02-11,13158158500,1846180,334,43667,미국,미국,이십세기폭스코리아(주),20090923,0
퍼시픽 림,"액션,SF,어드벤처",131,12세 이상 관람가,2013-07-11,20477374512,2539113,1005,55655,미국,미국,워너브러더스 코리아(주),20136961,0
퍼펙트 게임,드라마,127,12세 이상 관람가,2011-12-21,5996408000,811772,413,19726,한국,한국,롯데쇼핑㈜롯데엔터테인먼트,20113260,0
페르시아의 왕자: 시간의 모래,"액션,어드벤처,판타지",116,12세 이상 관람가,2010-05-27,14483501000,1970823,567,51307,미국,미국,한국소니픽쳐스릴리징브에나비스타영화㈜,20100193,0
평양성,"전쟁,코미디,드라마",117,12세 이상 관람가,2011-01-27,12684530500,1717566,483,41860,한국,한국,롯데쇼핑㈜롯데엔터테인먼트,20102415,0
평행이론,"스릴러,액션,드라마,미스터리",110,15세 이상 관람가,2010-02-18,6793066000,921111,265,32341,한국,한국,씨제이엔터테인먼트,20090160,0
포비든 킹덤: 전설의 마스터를 찾아서,"액션,어드벤처,판타지",105,12세 이상 관람가,2008-04-24,7872731500,1211882,394,37728,미국,미국,(주)시네마서비스,20080379,0
포세이돈,"액션,드라마,스릴러",98,12세 이상 관람가,2006-05-31,14588094300,2316695,338,43841,미국,미국,워너브러더스 코리아(주),20060129,0
포화속으로,"드라마,전쟁",120,12세 이상 관람가,2010-06-16,23831958600,3330324,742,80091,한국,한국,롯데쇼핑㈜롯데엔터테인먼트,20100296,0
폼페이: 최후의 날,"액션,어드벤처,드라마",104,15세 이상 관람가,2014-02-20,10303127700,1373873,561,43288,미국,"미국,독일",롯데쇼핑㈜롯데엔터테인먼트,20134028,0
표적,"액션,드라마",98,15세 이상 관람가,2014-04-30,22256769300,2841828,716,72255,한국,한국,씨제이이앤엠(주),20139164,0
퓨리,"액션,드라마,전쟁",134,15세 이상 관람가,2014-11-20,10367640686,1362114,590,37155,미국,"미국,영국",소니픽쳐스릴리징월트디즈니스튜디오스코리아(주),20140694,0
프리즌,"범죄,액션",125,청소년 관람불가,2017-03-23,23785901987,2931011,1047,88977,한국,한국,(주)쇼박스,20162181,0
피끓는 청춘,"코미디,멜로/로맨스,드라마",121,15세 이상 관람가,2014-01-22,11688382888,1676040,679,36082,한국,한국,롯데쇼핑㈜롯데엔터테인먼트,20139881,0
하녀,"스릴러,멜로/로맨스",106,청소년 관람불가,2010-05-13,17038639000,2267556,555,59621,한국,한국,(주)싸이더스,20100188,0
하모니,드라마,115,12세 이상 관람가,2010-01-28,21641750000,3018131,384,77723,한국,한국,씨제이엔터테인먼트,20090914,0
하울링,"범죄,드라마",114,15세 이상 관람가,2012-02-16,11765293500,1612554,550,44753,한국,한국,씨제이이앤엠(주),20110249,0
하울의 움직이는 성,애니메이션,119,전체 관람가,2004-12-23,15142680000,2432351,183,31049,일본,일본,"(주)이수C&E,(주)시네마서비스",20040756,0
한반도,"드라마,액션",147,12세 이상 관람가,2006-07-13,20597497600,3331593,483,49539,한국,한국,씨제이엔터테인먼트,20060147,0
해결사,"액션,스릴러",100,15세 이상 관람가,2010-09-09,13844624000,1843404,525,59325,한국,한국,"(주)넥스트엔터테인먼트월드(NEW),(주)에스비에스콘텐츠허브",20100305,0
해리 포터와 불사조 기사단,"판타지,액션,어드벤처",137,전체 관람가,2007-07-11,22899775300,3691060,768,52349,미국,미국,워너브러더스 코리아(주),20070063,0
해리 포터와 죽음의 성물1,"미스터리,판타지",146,전체 관람가,2010-12-15,16974636000,2396988,717,40463,미국,미국,워너브러더스 코리아(주),20101224,0
해리 포터와 혼혈 왕자,"어드벤처,액션,가족",153,전체 관람가,2009-07-15,20267293000,2957706,751,48112,미국,미국,워너브러더스 코리아(주),20090379,0
해리포터와 불의 잔,판타지,156,전체 관람가,2005-12-01,20628374500,3301353,504,40260,미국,미국,워너브러더스 코리아(주),20050310,0
해리포터와 아즈카반의 죄수,드라마,136,전체 관람가,2004-07-16,10926127000,1775031,228,18247,미국,미국,워너브러더스 코리아(주),20040598,0
해리포터와 죽음의 성물2,"판타지,미스터리",131,전체 관람가,2011-07-13,34507600000,4400270,757,70380,미국,미국,워너브러더스 코리아(주),20111009,0
해무(海霧),드라마,111,청소년 관람불가,2014-08-13,11706782519,1475507,584,33490,한국,한국,(주)넥스트엔터테인먼트월드(NEW),20134082,0
해바라기,"액션,드라마,가족,범죄",116,15세 이상 관람가,2006-11-23,7834688400,1304892,246,31829,한국,한국,(주)쇼박스,20060353,0
해운대,"액션,드라마,어드벤처",129,12세 이상 관람가,2009-07-22,81025004000,11324433,764,154277,한국,한국,씨제이엔터테인먼트,20090074,0
해적: 바다로 간 산적,어드벤처,130,12세 이상 관람가,2014-08-06,66370682706,8666046,910,133350,한국,한국,롯데쇼핑㈜롯데엔터테인먼트,20136064,0
핸콕,"액션,드라마,코미디",92,12세 이상 관람가,2008-07-02,17844690500,2722574,602,60236,미국,미국,한국소니픽쳐스릴리징브에나비스타영화㈜,20080873,0
행복,"드라마,멜로/로맨스",119,15세 이상 관람가,2007-10-03,7737073000,1174401,332,35498,한국,한국,(주)쇼박스,20070433,0
향수 : 어느 살인자의 이야기,"드라마,스릴러",146,15세 이상 관람가,2007-03-22,5843781000,967593,237,26851,영국,영국,"(주)누리픽쳐스,롯데쇼핑㈜롯데엔터테인먼트",20070083,0
허브,드라마,114,12세 이상 관람가,2007-01-11,7644307000,1302952,267,30258,한국,한국,(주)쇼박스,20060412,0
허삼관,드라마,124,12세 이상 관람가,2015-01-14,7408943569,955679,621,27645,한국,한국,(주)넥스트엔터테인먼트월드(NEW),20131262,0
헬로우 고스트,"코미디,드라마",111,12세 이상 관람가,2010-12-22,22056966500,3019780,472,57578,한국,한국,(주)넥스트엔터테인먼트월드(NEW),20101223,0
헷지,"애니메이션,코미디",98,전체 관람가,2006-05-31,5043700100,837588,276,18257,미국,미국,씨제이엔터테인먼트,20060130,0
혈의 누,스릴러,119,15세 이상 관람가,2005-05-04,12367486506,1926592,264,35167,한국,한국,(주)시네마서비스,20050076,0
형,"코미디,드라마",110,12세 이상 관람가,2016-11-23,23113768293,2979659,993,83518,한국,한국,씨제이이앤엠(주),20154661,0
형사: Duelist,"멜로/로맨스,액션",113,12세 이상 관람가,2005-09-08,5840528000,920947,292,22217,한국,한국,코리아픽쳐스(주),20050216,0
호빗: 다섯 군대 전투,"어드벤처,판타지",144,12세 이상 관람가,2014-12-17,21428483344,2509887,926,43833,미국,"미국,뉴질랜드",워너브러더스 코리아(주),20140226,0
호빗: 뜻밖의 여정,"어드벤처,판타지",169,12세 이상 관람가,2012-12-13,21724069066,2605124,1028,44977,미국,"미국,뉴질랜드",워너브러더스 코리아(주),20125048,0
호빗: 스마우그의 폐허,"어드벤처,드라마,판타지",161,12세 이상 관람가,2013-12-12,16564184549,2115878,811,35223,미국,"미국,뉴질랜드",워너브러더스 코리아(주),20134267,0
혹성탈출: 반격의 서막,"액션,드라마,SF,스릴러",130,12세 이상 관람가,2014-07-10,31514053095,4002560,956,72881,미국,미국,이십세기폭스코리아(주),20148973,0
혹성탈출: 진화의 시작,"액션,SF,드라마",106,12세 이상 관람가,2011-08-17,20629757000,2773794,514,61229,미국,미국,이십세기폭스코리아(주),20110896,0
홀리데이,"드라마,스릴러,범죄",116,15세 이상 관람가,2006-01-19,7885116000,1257399,170,22092,한국,한국,롯데쇼핑㈜롯데엔터테인먼트,20050349,0
화려한 휴가,드라마,125,12세 이상 관람가,2007-07-25,44098449600,6855300,551,96522,한국,한국,씨제이엔터테인먼트,20070209,0
화이: 괴물을 삼킨 아이,"액션,스릴러",125,청소년 관람불가,2013-10-09,17695412795,2394453,817,59049,한국,한국,(주)쇼박스,20123383,0
화차,미스터리,117,15세 이상 관람가,2012-03-08,18459428000,2436438,548,62643,한국,한국,필라멘트픽쳐스,20124050,0
황금 나침반,"판타지,드라마,액션,어드벤처",113,전체 관람가,2007-12-18,14566840000,2297587,492,33593,미국,미국,롯데쇼핑㈜롯데엔터테인먼트,20070551,0
황진이,"드라마,멜로/로맨스",141,15세 이상 관람가,2007-06-06,7763374000,1191683,456,39064,한국,한국,(주)시네마서비스,20070128,0
황해,"스릴러,액션,범죄",156,청소년 관람불가,2010-12-22,11524115000,1497242,618,23295,한국,"한국,미국,중국","(주)쇼박스,이십세기폭스코리아(주)",20101222,0
회사원,"액션,드라마",96,청소년 관람불가,2012-10-11,8321175000,1110523,549,41275,한국,한국,(주)쇼박스,20113886,0
효자동 이발사,드라마,116,12세 이상 관람가,2004-05-05,4855872900,748380,83,10745,한국,한국,(주)쇼박스,20040483,0
후궁 : 제왕의 첩,"사극,멜로/로맨스",122,청소년 관람불가,2012-06-06,19330302500,2636320,624,69104,한국,한국,롯데쇼핑㈜롯데엔터테인먼트,20113533,0
흡혈형사 나도열,"코미디,드라마",110,12세 이상 관람가,2006-02-09,9693558300,1563579,243,30494,한국,한국,(주)쇼박스,20060017,0
히말라야,드라마,124,12세 이상 관람가,2015-12-16,60175363015,7759761,1095,142715,한국,한국,씨제이이앤엠(주),20136068,0