Audiences,Date
40196,20050929
41763,20050930
85894,20051001
96996,20051002
87968,20051003
27152,20051004
27491,20051005
23311,20051006
31619,20051007
61803,20051008
52968,20051009
17296,20051010
19353,20051011
15737,20051012
13669,20051013
16333,20051014
35636,20051015
31125,20051016
9714,20051017
9683,20051018
8672,20051019
3831,20051020
6303,20051021
10485,20051022
9676,20051023
2952,20051024
3001,20051025
4002,20051026
775,20051027
989,20051028
2278,20051029
2370,20051030
736,20051031
594,20051101
588,20051102
55,20051103
42,20051104
121,20051105
138,20051106
101,20051107
110,20051108
122,20051109
0,20051110
0,20051111
0,20051112
0,20051113
0,20051114
0,20051115
0,20051116
0,20051117
0,20051118
0,20051119
0,20051120
0,20051121
0,20051122
0,20051123
0,20051124
0,20051125
0,20051126
0,20051127
0,20051128
0,20051129
0,20051130
0,20051201
0,20051202
0,20051203
0,20051204
0,20051205
0,20051206
0,20051207
0,20051208
0,20051209
0,20051210
0,20051211
0,20051212
0,20051213
0,20051214
0,20051215
0,20051216
0,20051217
0,20051218
0,20051219
0,20051220
0,20051221
0,20051222
0,20051223
0,20051224
0,20051225
0,20051226
0,20051227
0,20051228
0,20051229
0,20051230
0,20051231
0,20060101
0,20060102
0,20060103
0,20060104
0,20060105
0,20060106
0,20060107
0,20060108
0,20060109
0,20060110
0,20060111
0,20060112
0,20060113
0,20060114
0,20060115
0,20060116
0,20060117
0,20060118
0,20060119
0,20060120
0,20060121
0,20060122
0,20060123
0,20060124
0,20060125
0,20060126
0,20060127
0,20060128
0,20060129
0,20060130
0,20060131
0,20060201
0,20060202
0,20060203
0,20060204
0,20060205
0,20060206
0,20060207
0,20060208
0,20060209
0,20060210
0,20060211
0,20060212
0,20060213
0,20060214
0,20060215
0,20060216
0,20060217
0,20060218
0,20060219
0,20060220
0,20060221
0,20060222
0,20060223
0,20060224
0,20060225
0,20060226
0,20060227
0,20060228
0,20060301
0,20060302
0,20060303
0,20060304
0,20060305
0,20060306
0,20060307
0,20060308
0,20060309
0,20060310
0,20060311
0,20060312
0,20060313
0,20060314
0,20060315
0,20060316
0,20060317
0,20060318
0,20060319
0,20060320
0,20060321
0,20060322
0,20060323
0,20060324
0,20060325
0,20060326
0,20060327
0,20060328
0,20060329
0,20060330
0,20060331
0,20060401
0,20060402
0,20060403
0,20060404
0,20060405
0,20060406
0,20060407
0,20060408
0,20060409
0,20060410
0,20060411
0,20060412
0,20060413
0,20060414
0,20060415
0,20060416
0,20060417
0,20060418
0,20060419
0,20060420
0,20060421
0,20060422
0,20060423
0,20060424
0,20060425
0,20060426
0,20060427
0,20060428
0,20060429
0,20060430
0,20060501
0,20060502
0,20060503
0,20060504
0,20060505
0,20060506
0,20060507
0,20060508
0,20060509
0,20060510
0,20060511
0,20060512
0,20060513
0,20060514
0,20060515
0,20060516
0,20060517
0,20060518
0,20060519
0,20060520
0,20060521
0,20060522
0,20060523
0,20060524
0,20060525
0,20060526
0,20060527
0,20060528
0,20060529
0,20060530
0,20060531
0,20060601
0,20060602
0,20060603
0,20060604
0,20060605
0,20060606
0,20060607
0,20060608
0,20060609
0,20060610
0,20060611
0,20060612
0,20060613
0,20060614
0,20060615
0,20060616
0,20060617
0,20060618
0,20060619
0,20060620
0,20060621
0,20060622
0,20060623
0,20060624
0,20060625
0,20060626
0,20060627
0,20060628
0,20060629
0,20060630
0,20060701
0,20060702
0,20060703
0,20060704
0,20060705
0,20060706
0,20060707
0,20060708
0,20060709
0,20060710
0,20060711
0,20060712
0,20060713
0,20060714
0,20060715
0,20060716
0,20060717
0,20060718
0,20060719
0,20060720
0,20060721
0,20060722
0,20060723
0,20060724
0,20060725
0,20060726
0,20060727
0,20060728
0,20060729
0,20060730
0,20060731
0,20060801
0,20060802
0,20060803
0,20060804
0,20060805
0,20060806
0,20060807
0,20060808
0,20060809
0,20060810
0,20060811
0,20060812
0,20060813
0,20060814
0,20060815
0,20060816
0,20060817
0,20060818
0,20060819
0,20060820
0,20060821
0,20060822
0,20060823
55338,20060824
61391,20060825
103371,20060826
101691,20060827
42150,20060828
38519,20060829
41107,20060830
33979,20060831
34422,20060901
65378,20060902
62895,20060903
18058,20060904
16805,20060905
16593,20060906
8091,20060907
10888,20060908
22864,20060909
20177,20060910
6025,20060911
6252,20060912
4381,20060913
1051,20060914
1802,20060915
2440,20060916
2328,20060917
992,20060918
749,20060919
434,20060920
0,20060921
0,20060922
0,20060923
0,20060924
0,20060925
0,20060926
0,20060927
0,20060928
0,20060929
0,20060930
0,20061001
0,20061002
0,20061003
0,20061004
0,20061005
0,20061006
0,20061007
0,20061008
0,20061009
0,20061010
0,20061011
0,20061012
0,20061013
0,20061014
0,20061015
0,20061016
0,20061017
0,20061018
0,20061019
0,20061020
0,20061021
0,20061022
0,20061023
0,20061024
0,20061025
0,20061026
0,20061027
0,20061028
0,20061029
0,20061030
0,20061031
0,20061101
0,20061102
0,20061103
0,20061104
0,20061105
0,20061106
0,20061107
0,20061108
0,20061109
0,20061110
0,20061111
0,20061112
0,20061113
0,20061114
0,20061115
0,20061116
0,20061117
0,20061118
0,20061119
0,20061120
0,20061121
0,20061122
0,20061123
0,20061124
0,20061125
0,20061126
0,20061127
0,20061128
0,20061129
0,20061130
0,20061201
0,20061202
0,20061203
0,20061204
0,20061205
0,20061206
0,20061207
0,20061208
0,20061209
0,20061210
0,20061211
0,20061212
0,20061213
0,20061214
0,20061215
0,20061216
0,20061217
0,20061218
0,20061219
0,20061220
0,20061221
0,20061222
0,20061223
0,20061224
0,20061225
0,20061226
0,20061227
0,20061228
0,20061229
0,20061230
0,20061231
0,20070101
0,20070102
0,20070103
0,20070104
0,20070105
0,20070106
0,20070107
0,20070108
0,20070109
0,20070110
0,20070111
0,20070112
0,20070113
0,20070114
0,20070115
0,20070116
0,20070117
0,20070118
0,20070119
0,20070120
0,20070121
0,20070122
0,20070123
0,20070124
0,20070125
0,20070126
0,20070127
0,20070128
0,20070129
0,20070130
0,20070131
0,20070201
0,20070202
0,20070203
0,20070204
0,20070205
0,20070206
0,20070207
0,20070208
0,20070209
0,20070210
0,20070211
0,20070212
0,20070213
0,20070214
0,20070215
0,20070216
0,20070217
0,20070218
0,20070219
0,20070220
0,20070221
0,20070222
0,20070223
0,20070224
0,20070225
0,20070226
0,20070227
0,20070228
0,20070301
0,20070302
0,20070303
0,20070304
0,20070305
0,20070306
0,20070307
0,20070308
0,20070309
0,20070310
0,20070311
0,20070312
0,20070313
0,20070314
0,20070315
0,20070316
0,20070317
0,20070318
0,20070319
0,20070320
0,20070321
0,20070322
0,20070323
0,20070324
0,20070325
0,20070326
0,20070327
0,20070328
0,20070329
0,20070330
0,20070331
0,20070401
0,20070402
0,20070403
0,20070404
0,20070405
0,20070406
0,20070407
0,20070408
0,20070409
0,20070410
0,20070411
0,20070412
0,20070413
0,20070414
0,20070415
0,20070416
0,20070417
0,20070418
0,20070419
0,20070420
0,20070421
0,20070422
0,20070423
0,20070424
0,20070425
0,20070426
0,20070427
0,20070428
0,20070429
0,20070430
0,20070501
0,20070502
0,20070503
0,20070504
0,20070505
0,20070506
0,20070507
0,20070508
0,20070509
0,20070510
0,20070511
0,20070512
0,20070513
0,20070514
0,20070515
0,20070516
0,20070517
0,20070518
0,20070519
0,20070520
0,20070521
0,20070522
0,20070523
0,20070524
0,20070525
0,20070526
0,20070527
0,20070528
0,20070529
0,20070530
0,20070531
0,20070601
0,20070602
0,20070603
0,20070604
0,20070605
0,20070606
0,20070607
0,20070608
0,20070609
0,20070610
0,20070611
0,20070612
0,20070613
0,20070614
0,20070615
0,20070616
0,20070617
0,20070618
0,20070619
0,20070620
0,20070621
0,20070622
0,20070623
0,20070624
0,20070625
0,20070626
0,20070627
0,20070628
0,20070629
0,20070630
0,20070701
0,20070702
0,20070703
0,20070704
0,20070705
0,20070706
0,20070707
0,20070708
0,20070709
0,20070710
0,20070711
0,20070712
0,20070713
0,20070714
0,20070715
0,20070716
0,20070717
0,20070718
0,20070719
0,20070720
0,20070721
0,20070722
0,20070723
0,20070724
0,20070725
0,20070726
0,20070727
0,20070728
0,20070729
0,20070730
0,20070731
0,20070801
0,20070802
0,20070803
0,20070804
0,20070805
0,20070806
0,20070807
0,20070808
0,20070809
0,20070810
0,20070811
0,20070812
0,20070813
0,20070814
0,20070815
0,20070816
0,20070817
0,20070818
0,20070819
0,20070820
0,20070821
0,20070822
0,20070823
0,20070824
0,20070825
0,20070826
0,20070827
0,20070828
0,20070829
0,20070830
0,20070831
0,20070901
0,20070902
0,20070903
0,20070904
0,20070905
0,20070906
0,20070907
0,20070908
0,20070909
0,20070910
0,20070911
0,20070912
0,20070913
0,20070914
0,20070915
0,20070916
0,20070917
0,20070918
33770,20070919
62567,20070920
84159,20070921
163161,20070922
165050,20070923
135775,20070924
167941,20070925
203664,20070926
80966,20070927
75070,20070928
143351,20070929
123609,20070930
39311,20071001
40524,20071002
70875,20071003
24212,20071004
29802,20071005
58660,20071006
55133,20071007
21918,20071008
21941,20071009
19575,20071010
15774,20071011
21787,20071012
38948,20071013
36293,20071014
13223,20071015
12565,20071016
11750,20071017
3684,20071018
4946,20071019
8006,20071020
7459,20071021
3487,20071022
3395,20071023
3112,20071024
636,20071025
1078,20071026
1555,20071027
1378,20071028
1263,20071029
524,20071030
699,20071031
10,20071101
52,20071102
50,20071103
86,20071104
35,20071105
16,20071106
23,20071107
0,20071108
0,20071109
0,20071110
0,20071111
0,20071112
0,20071113
0,20071114
0,20071115
0,20071116
0,20071117
0,20071118
0,20071119
0,20071120
0,20071121
0,20071122
0,20071123
0,20071124
0,20071125
0,20071126
0,20071127
0,20071128
0,20071129
0,20071130
0,20071201
0,20071202
0,20071203
0,20071204
0,20071205
0,20071206
0,20071207
0,20071208
0,20071209
0,20071210
0,20071211
0,20071212
0,20071213
0,20071214
0,20071215
0,20071216
0,20071217
0,20071218
0,20071219
0,20071220
0,20071221
0,20071222
0,20071223
0,20071224
0,20071225
0,20071226
0,20071227
0,20071228
0,20071229
0,20071230
0,20071231
0,20080101
0,20080102
0,20080103
0,20080104
0,20080105
0,20080106
0,20080107
0,20080108
0,20080109
0,20080110
0,20080111
0,20080112
0,20080113
0,20080114
0,20080115
0,20080116
0,20080117
0,20080118
0,20080119
0,20080120
0,20080121
0,20080122
0,20080123
0,20080124
0,20080125
0,20080126
0,20080127
0,20080128
0,20080129
0,20080130
0,20080131
0,20080201
0,20080202
0,20080203
0,20080204
0,20080205
0,20080206
0,20080207
0,20080208
0,20080209
0,20080210
0,20080211
0,20080212
0,20080213
0,20080214
0,20080215
0,20080216
0,20080217
0,20080218
0,20080219
0,20080220
0,20080221
0,20080222
0,20080223
0,20080224
0,20080225
0,20080226
0,20080227
0,20080228
0,20080229
0,20080301
0,20080302
0,20080303
0,20080304
0,20080305
0,20080306
0,20080307
0,20080308
0,20080309
0,20080310
0,20080311
0,20080312
0,20080313
0,20080314
0,20080315
0,20080316
0,20080317
0,20080318
0,20080319
0,20080320
0,20080321
0,20080322
0,20080323
0,20080324
0,20080325
0,20080326
0,20080327
0,20080328
0,20080329
0,20080330
0,20080331
0,20080401
0,20080402
0,20080403
0,20080404
0,20080405
0,20080406
0,20080407
0,20080408
0,20080409
0,20080410
0,20080411
0,20080412
0,20080413
0,20080414
0,20080415
0,20080416
0,20080417
0,20080418
0,20080419
0,20080420
0,20080421
0,20080422
0,20080423
0,20080424
0,20080425
0,20080426
0,20080427
0,20080428
0,20080429
0,20080430
0,20080501
0,20080502
0,20080503
0,20080504
0,20080505
0,20080506
0,20080507
0,20080508
0,20080509
0,20080510
0,20080511
0,20080512
0,20080513
0,20080514
0,20080515
0,20080516
0,20080517
0,20080518
0,20080519
0,20080520
0,20080521
0,20080522
0,20080523
0,20080524
0,20080525
0,20080526
0,20080527
0,20080528
0,20080529
0,20080530
0,20080531
0,20080601
0,20080602
0,20080603
0,20080604
0,20080605
0,20080606
0,20080607
0,20080608
0,20080609
0,20080610
0,20080611
0,20080612
0,20080613
0,20080614
0,20080615
0,20080616
0,20080617
0,20080618
0,20080619
0,20080620
0,20080621
0,20080622
0,20080623
0,20080624
0,20080625
0,20080626
0,20080627
0,20080628
0,20080629
0,20080630
0,20080701
0,20080702
0,20080703
0,20080704
0,20080705
0,20080706
0,20080707
0,20080708
0,20080709
0,20080710
0,20080711
0,20080712
0,20080713
0,20080714
0,20080715
0,20080716
0,20080717
0,20080718
0,20080719
0,20080720
0,20080721
0,20080722
0,20080723
0,20080724
0,20080725
0,20080726
0,20080727
0,20080728
0,20080729
0,20080730
0,20080731
0,20080801
0,20080802
0,20080803
0,20080804
0,20080805
0,20080806
0,20080807
0,20080808
0,20080809
0,20080810
0,20080811
0,20080812
0,20080813
0,20080814
0,20080815
0,20080816
0,20080817
0,20080818
0,20080819
0,20080820
0,20080821
0,20080822
0,20080823
0,20080824
0,20080825
0,20080826
0,20080827
0,20080828
0,20080829
0,20080830
0,20080831
0,20080901
0,20080902
0,20080903
0,20080904
0,20080905
0,20080906
0,20080907
0,20080908
0,20080909
0,20080910
0,20080911
0,20080912
0,20080913
0,20080914
0,20080915
0,20080916
0,20080917
0,20080918
0,20080919
0,20080920
0,20080921
0,20080922
0,20080923
0,20080924
0,20080925
0,20080926
0,20080927
0,20080928
0,20080929
0,20080930
0,20081001
0,20081002
0,20081003
0,20081004
0,20081005
0,20081006
0,20081007
0,20081008
0,20081009
0,20081010
0,20081011
0,20081012
0,20081013
0,20081014
0,20081015
0,20081016
0,20081017
0,20081018
0,20081019
0,20081020
0,20081021
0,20081022
0,20081023
0,20081024
0,20081025
0,20081026
0,20081027
0,20081028
0,20081029
0,20081030
0,20081031
0,20081101
0,20081102
0,20081103
0,20081104
0,20081105
0,20081106
0,20081107
0,20081108
0,20081109
0,20081110
0,20081111
0,20081112
0,20081113
0,20081114
0,20081115
0,20081116
0,20081117
0,20081118
0,20081119
0,20081120
0,20081121
0,20081122
0,20081123
0,20081124
0,20081125
0,20081126
0,20081127
0,20081128
0,20081129
0,20081130
0,20081201
0,20081202
0,20081203
0,20081204
0,20081205
0,20081206
0,20081207
0,20081208
0,20081209
0,20081210
0,20081211
0,20081212
0,20081213
0,20081214
0,20081215
0,20081216
0,20081217
0,20081218
0,20081219
0,20081220
0,20081221
0,20081222
0,20081223
0,20081224
0,20081225
0,20081226
0,20081227
0,20081228
0,20081229
0,20081230
0,20081231
0,20090101
0,20090102
0,20090103
0,20090104
0,20090105
0,20090106
0,20090107
0,20090108
0,20090109
0,20090110
0,20090111
0,20090112
0,20090113
0,20090114
0,20090115
0,20090116
0,20090117
0,20090118
0,20090119
0,20090120
0,20090121
0,20090122
0,20090123
0,20090124
0,20090125
0,20090126
0,20090127
0,20090128
0,20090129
0,20090130
0,20090131
0,20090201
0,20090202
0,20090203
0,20090204
0,20090205
0,20090206
0,20090207
0,20090208
0,20090209
0,20090210
0,20090211
0,20090212
0,20090213
0,20090214
0,20090215
0,20090216
0,20090217
0,20090218
0,20090219
0,20090220
0,20090221
0,20090222
0,20090223
0,20090224
0,20090225
0,20090226
0,20090227
0,20090228
0,20090301
0,20090302
0,20090303
0,20090304
0,20090305
0,20090306
0,20090307
0,20090308
0,20090309
0,20090310
0,20090311
0,20090312
0,20090313
0,20090314
0,20090315
0,20090316
0,20090317
0,20090318
0,20090319
0,20090320
0,20090321
0,20090322
0,20090323
0,20090324
0,20090325
0,20090326
0,20090327
0,20090328
0,20090329
0,20090330
0,20090331
0,20090401
0,20090402
0,20090403
0,20090404
0,20090405
0,20090406
0,20090407
0,20090408
0,20090409
0,20090410
0,20090411
0,20090412
0,20090413
0,20090414
0,20090415
0,20090416
0,20090417
0,20090418
0,20090419
0,20090420
0,20090421
0,20090422
0,20090423
0,20090424
0,20090425
0,20090426
0,20090427
0,20090428
0,20090429
0,20090430
0,20090501
0,20090502
0,20090503
0,20090504
0,20090505
0,20090506
0,20090507
0,20090508
0,20090509
0,20090510
0,20090511
0,20090512
0,20090513
0,20090514
0,20090515
0,20090516
0,20090517
0,20090518
0,20090519
0,20090520
0,20090521
0,20090522
0,20090523
0,20090524
0,20090525
0,20090526
0,20090527
0,20090528
0,20090529
0,20090530
0,20090531
0,20090601
0,20090602
0,20090603
0,20090604
0,20090605
0,20090606
0,20090607
0,20090608
0,20090609
0,20090610
0,20090611
0,20090612
0,20090613
0,20090614
0,20090615
0,20090616
0,20090617
0,20090618
0,20090619
0,20090620
0,20090621
0,20090622
0,20090623
0,20090624
0,20090625
0,20090626
0,20090627
0,20090628
0,20090629
0,20090630
0,20090701
0,20090702
0,20090703
0,20090704
0,20090705
0,20090706
0,20090707
0,20090708
0,20090709
0,20090710
0,20090711
0,20090712
0,20090713
0,20090714
0,20090715
0,20090716
0,20090717
0,20090718
0,20090719
0,20090720
0,20090721
0,20090722
0,20090723
0,20090724
0,20090725
0,20090726
0,20090727
0,20090728
0,20090729
0,20090730
0,20090731
0,20090801
0,20090802
0,20090803
0,20090804
0,20090805
0,20090806
0,20090807
0,20090808
0,20090809
0,20090810
0,20090811
0,20090812
0,20090813
0,20090814
0,20090815
0,20090816
0,20090817
0,20090818
0,20090819
0,20090820
0,20090821
0,20090822
0,20090823
0,20090824
0,20090825
0,20090826
0,20090827
0,20090828
0,20090829
0,20090830
0,20090831
0,20090901
0,20090902
0,20090903
0,20090904
0,20090905
0,20090906
0,20090907
0,20090908
0,20090909
0,20090910
0,20090911
0,20090912
0,20090913
0,20090914
0,20090915
0,20090916
0,20090917
0,20090918
0,20090919
0,20090920
0,20090921
0,20090922
0,20090923
0,20090924
0,20090925
0,20090926
0,20090927
0,20090928
0,20090929
0,20090930
0,20091001
0,20091002
0,20091003
0,20091004
0,20091005
0,20091006
0,20091007
0,20091008
0,20091009
0,20091010
0,20091011
0,20091012
0,20091013
0,20091014
0,20091015
0,20091016
0,20091017
0,20091018
0,20091019
0,20091020
0,20091021
0,20091022
0,20091023
0,20091024
0,20091025
0,20091026
0,20091027
0,20091028
0,20091029
0,20091030
0,20091031
0,20091101
0,20091102
0,20091103
0,20091104
0,20091105
0,20091106
0,20091107
0,20091108
0,20091109
0,20091110
0,20091111
0,20091112
0,20091113
0,20091114
0,20091115
0,20091116
0,20091117
0,20091118
0,20091119
0,20091120
0,20091121
0,20091122
0,20091123
0,20091124
0,20091125
0,20091126
0,20091127
0,20091128
0,20091129
0,20091130
0,20091201
0,20091202
0,20091203
0,20091204
0,20091205
0,20091206
0,20091207
0,20091208
0,20091209
0,20091210
0,20091211
0,20091212
0,20091213
0,20091214
0,20091215
0,20091216
0,20091217
0,20091218
0,20091219
0,20091220
0,20091221
0,20091222
0,20091223
0,20091224
0,20091225
0,20091226
0,20091227
0,20091228
0,20091229
0,20091230
0,20091231
0,20100101
0,20100102
0,20100103
0,20100104
0,20100105
0,20100106
0,20100107
0,20100108
0,20100109
0,20100110
0,20100111
0,20100112
0,20100113
0,20100114
0,20100115
0,20100116
0,20100117
0,20100118
0,20100119
0,20100120
0,20100121
0,20100122
0,20100123
0,20100124
0,20100125
0,20100126
0,20100127
0,20100128
0,20100129
0,20100130
0,20100131
0,20100201
0,20100202
0,20100203
0,20100204
0,20100205
0,20100206
0,20100207
0,20100208
0,20100209
0,20100210
0,20100211
0,20100212
0,20100213
0,20100214
0,20100215
0,20100216
0,20100217
0,20100218
0,20100219
0,20100220
0,20100221
0,20100222
0,20100223
0,20100224
0,20100225
0,20100226
0,20100227
0,20100228
0,20100301
0,20100302
0,20100303
0,20100304
0,20100305
0,20100306
0,20100307
0,20100308
0,20100309
0,20100310
0,20100311
0,20100312
0,20100313
0,20100314
0,20100315
0,20100316
0,20100317
0,20100318
0,20100319
0,20100320
0,20100321
0,20100322
0,20100323
0,20100324
0,20100325
0,20100326
0,20100327
0,20100328
0,20100329
0,20100330
0,20100331
0,20100401
0,20100402
0,20100403
0,20100404
0,20100405
0,20100406
0,20100407
0,20100408
0,20100409
0,20100410
0,20100411
0,20100412
0,20100413
0,20100414
0,20100415
0,20100416
0,20100417
0,20100418
0,20100419
0,20100420
0,20100421
0,20100422
0,20100423
0,20100424
0,20100425
0,20100426
0,20100427
0,20100428
0,20100429
0,20100430
0,20100501
0,20100502
0,20100503
0,20100504
0,20100505
0,20100506
0,20100507
0,20100508
0,20100509
0,20100510
0,20100511
0,20100512
0,20100513
0,20100514
0,20100515
0,20100516
0,20100517
0,20100518
0,20100519
0,20100520
0,20100521
0,20100522
0,20100523
0,20100524
0,20100525
0,20100526
0,20100527
0,20100528
0,20100529
0,20100530
0,20100531
0,20100601
0,20100602
0,20100603
0,20100604
0,20100605
0,20100606
0,20100607
0,20100608
0,20100609
0,20100610
0,20100611
0,20100612
0,20100613
0,20100614
0,20100615
0,20100616
0,20100617
0,20100618
0,20100619
0,20100620
0,20100621
0,20100622
0,20100623
0,20100624
0,20100625
0,20100626
0,20100627
0,20100628
0,20100629
0,20100630
0,20100701
0,20100702
0,20100703
0,20100704
0,20100705
0,20100706
0,20100707
0,20100708
0,20100709
0,20100710
0,20100711
0,20100712
0,20100713
0,20100714
0,20100715
0,20100716
0,20100717
0,20100718
0,20100719
0,20100720
0,20100721
0,20100722
0,20100723
0,20100724
0,20100725
0,20100726
0,20100727
0,20100728
0,20100729
0,20100730
0,20100731
0,20100801
0,20100802
0,20100803
0,20100804
0,20100805
0,20100806
0,20100807
0,20100808
0,20100809
0,20100810
0,20100811
0,20100812
0,20100813
0,20100814
0,20100815
0,20100816
0,20100817
0,20100818
0,20100819
0,20100820
0,20100821
0,20100822
0,20100823
0,20100824
0,20100825
0,20100826
0,20100827
0,20100828
0,20100829
0,20100830
0,20100831
0,20100901
0,20100902
0,20100903
0,20100904
0,20100905
0,20100906
0,20100907
0,20100908
0,20100909
0,20100910
0,20100911
0,20100912
0,20100913
0,20100914
0,20100915
0,20100916
0,20100917
0,20100918
0,20100919
0,20100920
0,20100921
0,20100922
0,20100923
0,20100924
0,20100925
0,20100926
0,20100927
0,20100928
0,20100929
0,20100930
0,20101001
0,20101002
0,20101003
0,20101004
0,20101005
0,20101006
0,20101007
0,20101008
0,20101009
0,20101010
0,20101011
0,20101012
0,20101013
0,20101014
0,20101015
0,20101016
0,20101017
0,20101018
0,20101019
0,20101020
0,20101021
0,20101022
0,20101023
0,20101024
0,20101025
0,20101026
0,20101027
0,20101028
0,20101029
0,20101030
0,20101031
0,20101101
0,20101102
0,20101103
0,20101104
0,20101105
0,20101106
0,20101107
0,20101108
0,20101109
0,20101110
0,20101111
0,20101112
0,20101113
0,20101114
0,20101115
0,20101116
0,20101117
0,20101118
0,20101119
0,20101120
0,20101121
0,20101122
0,20101123
0,20101124
0,20101125
0,20101126
0,20101127
0,20101128
0,20101129
0,20101130
0,20101201
0,20101202
0,20101203
0,20101204
0,20101205
0,20101206
0,20101207
0,20101208
0,20101209
0,20101210
0,20101211
0,20101212
0,20101213
0,20101214
0,20101215
0,20101216
0,20101217
0,20101218
0,20101219
0,20101220
0,20101221
0,20101222
0,20101223
0,20101224
0,20101225
0,20101226
0,20101227
0,20101228
0,20101229
0,20101230
0,20101231
0,20110101
0,20110102
0,20110103
0,20110104
0,20110105
0,20110106
0,20110107
0,20110108
0,20110109
0,20110110
0,20110111
0,20110112
0,20110113
0,20110114
0,20110115
0,20110116
0,20110117
0,20110118
0,20110119
0,20110120
0,20110121
0,20110122
0,20110123
0,20110124
0,20110125
0,20110126
0,20110127
0,20110128
0,20110129
0,20110130
0,20110131
0,20110201
0,20110202
0,20110203
0,20110204
0,20110205
0,20110206
0,20110207
0,20110208
0,20110209
0,20110210
0,20110211
0,20110212
0,20110213
0,20110214
0,20110215
0,20110216
0,20110217
0,20110218
0,20110219
0,20110220
0,20110221
0,20110222
0,20110223
0,20110224
0,20110225
0,20110226
0,20110227
0,20110228
0,20110301
0,20110302
0,20110303
0,20110304
0,20110305
0,20110306
0,20110307
0,20110308
0,20110309
0,20110310
0,20110311
0,20110312
0,20110313
0,20110314
0,20110315
0,20110316
0,20110317
0,20110318
0,20110319
0,20110320
0,20110321
0,20110322
0,20110323
0,20110324
0,20110325
0,20110326
0,20110327
0,20110328
0,20110329
0,20110330
0,20110331
0,20110401
0,20110402
0,20110403
0,20110404
0,20110405
0,20110406
0,20110407
0,20110408
0,20110409
0,20110410
0,20110411
0,20110412
0,20110413
0,20110414
0,20110415
0,20110416
0,20110417
0,20110418
0,20110419
0,20110420
0,20110421
0,20110422
0,20110423
0,20110424
0,20110425
0,20110426
0,20110427
0,20110428
0,20110429
0,20110430
0,20110501
0,20110502
0,20110503
0,20110504
0,20110505
0,20110506
0,20110507
0,20110508
0,20110509
0,20110510
0,20110511
0,20110512
0,20110513
0,20110514
0,20110515
0,20110516
0,20110517
0,20110518
0,20110519
0,20110520
0,20110521
0,20110522
0,20110523
0,20110524
0,20110525
0,20110526
0,20110527
0,20110528
0,20110529
0,20110530
0,20110531
0,20110601
0,20110602
0,20110603
0,20110604
0,20110605
0,20110606
0,20110607
0,20110608
0,20110609
0,20110610
0,20110611
0,20110612
0,20110613
0,20110614
0,20110615
0,20110616
0,20110617
0,20110618
0,20110619
0,20110620
0,20110621
0,20110622
0,20110623
0,20110624
0,20110625
0,20110626
0,20110627
0,20110628
0,20110629
0,20110630
0,20110701
0,20110702
0,20110703
0,20110704
0,20110705
0,20110706
0,20110707
0,20110708
0,20110709
0,20110710
0,20110711
0,20110712
0,20110713
0,20110714
0,20110715
0,20110716
0,20110717
0,20110718
0,20110719
0,20110720
0,20110721
0,20110722
0,20110723
0,20110724
0,20110725
0,20110726
0,20110727
0,20110728
0,20110729
0,20110730
0,20110731
0,20110801
0,20110802
0,20110803
0,20110804
0,20110805
0,20110806
0,20110807
0,20110808
0,20110809
0,20110810
0,20110811
0,20110812
0,20110813
0,20110814
0,20110815
0,20110816
0,20110817
0,20110818
0,20110819
0,20110820
0,20110821
0,20110822
0,20110823
0,20110824
0,20110825
0,20110826
0,20110827
0,20110828
0,20110829
0,20110830
0,20110831
0,20110901
0,20110902
0,20110903
0,20110904
0,20110905
0,20110906
0,20110907
0,20110908
0,20110909
0,20110910
0,20110911
0,20110912
0,20110913
0,20110914
0,20110915
0,20110916
0,20110917
0,20110918
0,20110919
0,20110920
0,20110921
0,20110922
0,20110923
0,20110924
0,20110925
0,20110926
0,20110927
0,20110928
0,20110929
0,20110930
0,20111001
0,20111002
0,20111003
0,20111004
0,20111005
0,20111006
0,20111007
0,20111008
0,20111009
0,20111010
0,20111011
0,20111012
0,20111013
0,20111014
0,20111015
0,20111016
0,20111017
0,20111018
0,20111019
0,20111020
0,20111021
0,20111022
0,20111023
0,20111024
0,20111025
0,20111026
0,20111027
0,20111028
0,20111029
0,20111030
0,20111031
0,20111101
0,20111102
0,20111103
0,20111104
0,20111105
0,20111106
0,20111107
0,20111108
0,20111109
0,20111110
0,20111111
0,20111112
0,20111113
0,20111114
0,20111115
0,20111116
0,20111117
0,20111118
0,20111119
0,20111120
0,20111121
0,20111122
0,20111123
0,20111124
0,20111125
0,20111126
0,20111127
0,20111128
0,20111129
0,20111130
0,20111201
0,20111202
0,20111203
0,20111204
0,20111205
0,20111206
0,20111207
0,20111208
0,20111209
0,20111210
0,20111211
0,20111212
0,20111213
0,20111214
0,20111215
0,20111216
0,20111217
0,20111218
0,20111219
0,20111220
0,20111221
0,20111222
0,20111223
0,20111224
0,20111225
0,20111226
0,20111227
0,20111228
0,20111229
0,20111230
0,20111231
0,20120101
0,20120102
0,20120103
0,20120104
0,20120105
0,20120106
0,20120107
0,20120108
0,20120109
0,20120110
0,20120111
0,20120112
0,20120113
0,20120114
0,20120115
0,20120116
0,20120117
0,20120118
0,20120119
0,20120120
0,20120121
0,20120122
0,20120123
0,20120124
0,20120125
0,20120126
0,20120127
0,20120128
0,20120129
0,20120130
0,20120131
0,20120201
0,20120202
0,20120203
0,20120204
0,20120205
0,20120206
0,20120207
0,20120208
0,20120209
0,20120210
0,20120211
0,20120212
0,20120213
0,20120214
0,20120215
0,20120216
0,20120217
0,20120218
0,20120219
0,20120220
0,20120221
0,20120222
0,20120223
0,20120224
0,20120225
0,20120226
0,20120227
0,20120228
0,20120229
0,20120301
0,20120302
0,20120303
0,20120304
0,20120305
0,20120306
0,20120307
0,20120308
0,20120309
0,20120310
0,20120311
0,20120312
0,20120313
0,20120314
0,20120315
0,20120316
0,20120317
0,20120318
0,20120319
0,20120320
0,20120321
0,20120322
0,20120323
0,20120324
0,20120325
0,20120326
0,20120327
0,20120328
0,20120329
0,20120330
0,20120331
0,20120401
0,20120402
0,20120403
0,20120404
0,20120405
0,20120406
0,20120407
0,20120408
0,20120409
0,20120410
0,20120411
0,20120412
0,20120413
0,20120414
0,20120415
0,20120416
0,20120417
0,20120418
0,20120419
0,20120420
0,20120421
0,20120422
0,20120423
0,20120424
0,20120425
0,20120426
0,20120427
0,20120428
0,20120429
0,20120430
0,20120501
0,20120502
0,20120503
0,20120504
0,20120505
0,20120506
0,20120507
0,20120508
0,20120509
0,20120510
0,20120511
0,20120512
0,20120513
0,20120514
0,20120515
0,20120516
0,20120517
0,20120518
0,20120519
0,20120520
0,20120521
0,20120522
0,20120523
0,20120524
0,20120525
0,20120526
0,20120527
0,20120528
0,20120529
0,20120530
0,20120531
0,20120601
0,20120602
0,20120603
0,20120604
0,20120605
272166,20120606
106881,20120607
137031,20120608
211172,20120609
175673,20120610
87484,20120611
90490,20120612
86275,20120613
90076,20120614
106444,20120615
159825,20120616
114178,20120617
59608,20120618
67129,20120619
60075,20120620
56328,20120621
61326,20120622
89955,20120623
73783,20120624
37107,20120625
38655,20120626
36919,20120627
29956,20120628
32661,20120629
54796,20120630
35447,20120701
18838,20120702
19517,20120703
19038,20120704
14804,20120705
16431,20120706
16893,20120707
11147,20120708
8056,20120709
8980,20120710
10255,20120711
4606,20120712
5718,20120713
5267,20120714
4052,20120715
3702,20120716
4015,20120717
3868,20120718
308,20120719
357,20120720
359,20120721
299,20120722
252,20120723
262,20120724
93,20120725
218,20120726
2,20120727
6,20120728
11,20120729
4,20120730
9,20120731
2,20120801
